#
# There is insufficient memory for the Java Runtime Environment to continue.
# Native memory allocation (mmap) failed to map 65536 bytes. Error detail: Failed to commit metaspace.
# Possible reasons:
#   The system is out of physical RAM or swap space
#   This process is running with CompressedOops enabled, and the Java Heap may be blocking the growth of the native heap
# Possible solutions:
#   Reduce memory load on the system
#   Increase physical memory or swap space
#   Check if swap backing store is full
#   Decrease Java heap size (-Xmx/-Xms)
#   Decrease number of Java threads
#   Decrease Java thread stack sizes (-Xss)
#   Set larger code cache with -XX:ReservedCodeCacheSize=
#   JVM is running with Unscaled Compressed Oops mode in which the Java heap is
#     placed in the first 4GB address space. The Java Heap base address is the
#     maximum limit for the native heap growth. Please use -XX:HeapBaseMinAddress
#     to set the Java Heap base and to place the Java Heap above 4GB virtual address.
# This output file may be truncated or incomplete.
#
#  Out of Memory Error (virtualSpaceNode.cpp:113), pid=25660, tid=9032
#
# JRE version: OpenJDK Runtime Environment Temurin-21.0.8+9 (21.0.8+9) (build 21.0.8+9-LTS)
# Java VM: OpenJDK 64-Bit Server VM Temurin-21.0.8+9 (21.0.8+9-LTS, mixed mode, sharing, tiered, compressed oops, compressed class ptrs, g1 gc, windows-amd64)
# No core dump will be written. Minidumps are not enabled by default on client versions of Windows
#

---------------  S U M M A R Y ------------

Command Line: -ea -Dallure.results.directory=D:\Cyclos_Automation_Testing\Cyclos\target/allure-results -Dfile.encoding=UTF-8 -Dstdout.encoding=UTF-8 -Dstderr.encoding=UTF-8 -XX:+ShowCodeDetailsInExceptionMessages org.testng.remote.RemoteTestNG -serport 62938 -protocol json -d D:\Cyclos_Automation_Testing\Cyclos\test-output C:\Users\ADMIN\AppData\Local\Temp\testng-eclipse--1802787266\testng-customsuite.xml

Host: Intel(R) Core(TM) i5-8265U CPU @ 1.60GHz, 8 cores, 7G,  Windows 11 , 64 bit Build 26100 (10.0.26100.8328)
Time: Wed May 27 22:21:35 2026 India Standard Time elapsed time: 13.631265 seconds (0d 0h 0m 13s)

---------------  T H R E A D  ---------------

Current thread (0x0000028a6c1df0f0):  JavaThread "TestNG-PoolService-9"        [_thread_in_vm, id=9032, stack(0x000000ab97300000,0x000000ab97400000) (1024K)]

Stack: [0x000000ab97300000,0x000000ab97400000]
Native frames: (J=compiled Java code, j=interpreted, Vv=VM code, C=native code)
V  [jvm.dll+0x6d2449]
V  [jvm.dll+0x8ae341]
V  [jvm.dll+0x8b08be]
V  [jvm.dll+0x8b0fa3]
V  [jvm.dll+0x280c96]
V  [jvm.dll+0x8aa07e]
V  [jvm.dll+0x6745b5]
V  [jvm.dll+0x1e5b2c]
V  [jvm.dll+0x1e58fe]
V  [jvm.dll+0x676eb2]
V  [jvm.dll+0x676cd2]
V  [jvm.dll+0x674f8e]
V  [jvm.dll+0x26bcc0]
V  [jvm.dll+0x217447]
V  [jvm.dll+0x20cece]
V  [jvm.dll+0x5b19dc]
V  [jvm.dll+0x827606]
V  [jvm.dll+0x4741b6]
V  [jvm.dll+0x47a088]
C  [java.dll+0x17ec]

Java frames: (J=compiled Java code, j=interpreted, Vv=VM code)
J 705  java.lang.ClassLoader.defineClass1(Ljava/lang/ClassLoader;Ljava/lang/String;[BIILjava/security/ProtectionDomain;Ljava/lang/String;)Ljava/lang/Class; java.base@21.0.8 (0 bytes) @ 0x0000028a57d5f191 [0x0000028a57d5f0c0+0x00000000000000d1]
J 1263 c1 java.lang.ClassLoader.defineClass(Ljava/lang/String;[BIILjava/security/ProtectionDomain;)Ljava/lang/Class; java.base@21.0.8 (43 bytes) @ 0x0000028a5048f4f4 [0x0000028a5048f1a0+0x0000000000000354]
J 1277 c1 java.security.SecureClassLoader.defineClass(Ljava/lang/String;[BIILjava/security/CodeSource;)Ljava/lang/Class; java.base@21.0.8 (16 bytes) @ 0x0000028a5049b39c [0x0000028a5049b2c0+0x00000000000000dc]
J 1245 c1 jdk.internal.loader.BuiltinClassLoader.defineClass(Ljava/lang/String;Ljdk/internal/loader/Resource;)Ljava/lang/Class; java.base@21.0.8 (121 bytes) @ 0x0000028a50484f9c [0x0000028a50484040+0x0000000000000f5c]
J 1062 c1 jdk.internal.loader.BuiltinClassLoader.findClassOnClassPathOrNull(Ljava/lang/String;)Ljava/lang/Class; java.base@21.0.8 (64 bytes) @ 0x0000028a50423574 [0x0000028a504228a0+0x0000000000000cd4]
J 2578 c2 jdk.internal.loader.BuiltinClassLoader.loadClassOrNull(Ljava/lang/String;Z)Ljava/lang/Class; java.base@21.0.8 (143 bytes) @ 0x0000028a57e7a7a4 [0x0000028a57e79f80+0x0000000000000824]
J 4381 c2 java.lang.ClassLoader.loadClass(Ljava/lang/String;)Ljava/lang/Class; java.base@21.0.8 (7 bytes) @ 0x0000028a57f44fb4 [0x0000028a57f44f60+0x0000000000000054]
v  ~StubRoutines::call_stub 0x0000028a5778100d
j  io.qameta.allure.internal.shadowed.jackson.databind.introspect.BasicClassIntrospector.constructPropertyCollector(Lio/qameta/allure/internal/shadowed/jackson/databind/cfg/MapperConfig;Lio/qameta/allure/internal/shadowed/jackson/databind/introspect/AnnotatedClass;Lio/qameta/allure/internal/shadowed/jackson/databind/JavaType;ZLio/qameta/allure/internal/shadowed/jackson/databind/introspect/AccessorNamingStrategy;)Lio/qameta/allure/internal/shadowed/jackson/databind/introspect/POJOPropertiesCollector;+0
j  io.qameta.allure.internal.shadowed.jackson.databind.introspect.BasicClassIntrospector.collectProperties(Lio/qameta/allure/internal/shadowed/jackson/databind/cfg/MapperConfig;Lio/qameta/allure/internal/shadowed/jackson/databind/JavaType;Lio/qameta/allure/internal/shadowed/jackson/databind/introspect/ClassIntrospector$MixInResolver;Z)Lio/qameta/allure/internal/shadowed/jackson/databind/introspect/POJOPropertiesCollector;+50
j  io.qameta.allure.internal.shadowed.jackson.databind.introspect.BasicClassIntrospector.forSerialization(Lio/qameta/allure/internal/shadowed/jackson/databind/SerializationConfig;Lio/qameta/allure/internal/shadowed/jackson/databind/JavaType;Lio/qameta/allure/internal/shadowed/jackson/databind/introspect/ClassIntrospector$MixInResolver;)Lio/qameta/allure/internal/shadowed/jackson/databind/introspect/BasicBeanDescription;+31
j  io.qameta.allure.internal.shadowed.jackson.databind.introspect.BasicClassIntrospector.forSerialization(Lio/qameta/allure/internal/shadowed/jackson/databind/SerializationConfig;Lio/qameta/allure/internal/shadowed/jackson/databind/JavaType;Lio/qameta/allure/internal/shadowed/jackson/databind/introspect/ClassIntrospector$MixInResolver;)Lio/qameta/allure/internal/shadowed/jackson/databind/BeanDescription;+4
j  io.qameta.allure.internal.shadowed.jackson.databind.SerializationConfig.introspect(Lio/qameta/allure/internal/shadowed/jackson/databind/JavaType;)Lio/qameta/allure/internal/shadowed/jackson/databind/BeanDescription;+7
j  io.qameta.allure.internal.shadowed.jackson.databind.ser.BeanSerializerFactory.createSerializer(Lio/qameta/allure/internal/shadowed/jackson/databind/SerializerProvider;Lio/qameta/allure/internal/shadowed/jackson/databind/JavaType;)Lio/qameta/allure/internal/shadowed/jackson/databind/JsonSerializer;+7
j  io.qameta.allure.internal.shadowed.jackson.databind.SerializerProvider._createUntypedSerializer(Lio/qameta/allure/internal/shadowed/jackson/databind/JavaType;)Lio/qameta/allure/internal/shadowed/jackson/databind/JsonSerializer;+6
j  io.qameta.allure.internal.shadowed.jackson.databind.SerializerProvider._createAndCacheUntypedSerializer(Ljava/lang/Class;)Lio/qameta/allure/internal/shadowed/jackson/databind/JsonSerializer;+11
j  io.qameta.allure.internal.shadowed.jackson.databind.SerializerProvider.findValueSerializer(Ljava/lang/Class;Lio/qameta/allure/internal/shadowed/jackson/databind/BeanProperty;)Lio/qameta/allure/internal/shadowed/jackson/databind/JsonSerializer;+48
j  io.qameta.allure.internal.shadowed.jackson.databind.SerializerProvider.findTypedValueSerializer(Ljava/lang/Class;ZLio/qameta/allure/internal/shadowed/jackson/databind/BeanProperty;)Lio/qameta/allure/internal/shadowed/jackson/databind/JsonSerializer;+39
j  io.qameta.allure.internal.shadowed.jackson.databind.ser.DefaultSerializerProvider.serializeValue(Lio/qameta/allure/internal/shadowed/jackson/core/JsonGenerator;Ljava/lang/Object;)V+24
j  io.qameta.allure.internal.shadowed.jackson.databind.ObjectMapper._writeValueAndClose(Lio/qameta/allure/internal/shadowed/jackson/core/JsonGenerator;Ljava/lang/Object;)V+37
j  io.qameta.allure.internal.shadowed.jackson.databind.ObjectMapper.writeValue(Ljava/io/File;Ljava/lang/Object;)V+10
j  io.qameta.allure.FileSystemResultsWriter.write(Lio/qameta/allure/model/TestResultContainer;)V+50
j  io.qameta.allure.AllureLifecycle.writeTestContainer(Ljava/lang/String;)V+49
j  io.qameta.allure.cucumber7jvm.AllureCucumber7Jvm.handleStopHookStep(Lio/cucumber/plugin/event/Result;Lio/cucumber/plugin/event/HookTestStep;)V+105
j  io.qameta.allure.cucumber7jvm.AllureCucumber7Jvm.handleTestStepFinished(Lio/cucumber/plugin/event/TestStepFinished;)V+31
j  io.qameta.allure.cucumber7jvm.AllureCucumber7Jvm$$Lambda+0x0000028a012466c0.receive(Ljava/lang/Object;)V+8
J 3391 c1 io.cucumber.core.eventbus.AbstractEventPublisher.send(Ljava/lang/Object;)V (138 bytes) @ 0x0000028a50893ef4 [0x0000028a50893000+0x0000000000000ef4]
J 3453 c1 io.cucumber.core.eventbus.AbstractEventBus.send(Ljava/lang/Object;)V (6 bytes) @ 0x0000028a508afd3c [0x0000028a508afcc0+0x000000000000007c]
J 3494 c1 io.cucumber.core.runtime.ThreadLocalRunnerSupplier$LocalEventBus.send(Ljava/lang/Object;)V (14 bytes) @ 0x0000028a508ca56c [0x0000028a508ca360+0x000000000000020c]
j  io.cucumber.core.runner.TestStep.emitTestStepFinished(Lio/cucumber/plugin/event/TestCase;Lio/cucumber/core/eventbus/EventBus;Ljava/util/UUID;Ljava/time/Instant;Ljava/time/Duration;Lio/cucumber/plugin/event/Result;)V+14
j  io.cucumber.core.runner.TestStep.run(Lio/cucumber/plugin/event/TestCase;Lio/cucumber/core/eventbus/EventBus;Lio/cucumber/core/runner/TestCaseState;Lio/cucumber/core/runner/ExecutionMode;)Lio/cucumber/core/runner/ExecutionMode;+102
j  io.cucumber.core.runner.TestCase.run(Lio/cucumber/core/eventbus/EventBus;)V+89
j  io.cucumber.core.runner.Runner.runPickle(Lio/cucumber/core/gherkin/Pickle;)V+48
j  io.cucumber.testng.TestNGCucumberRunner.lambda$runScenario$1(Lio/cucumber/testng/Pickle;Lio/cucumber/core/runner/Runner;)V+15
j  io.cucumber.testng.TestNGCucumberRunner$$Lambda+0x0000028a012bad08.accept(Ljava/lang/Object;)V+8
j  io.cucumber.core.runtime.CucumberExecutionContext.lambda$runTestCase$5(Ljava/util/function/Consumer;Lio/cucumber/core/runner/Runner;)V+2
j  io.cucumber.core.runtime.CucumberExecutionContext$$Lambda+0x0000028a012bb3b0.run()V+8
j  io.cucumber.core.runtime.RethrowingThrowableCollector.executeAndThrow(Ljava/lang/Runnable;)V+1
j  io.cucumber.core.runtime.CucumberExecutionContext.runTestCase(Ljava/util/function/Consumer;)V+16
j  io.cucumber.testng.TestNGCucumberRunner.runScenario(Lio/cucumber/testng/Pickle;)V+10
j  io.cucumber.testng.AbstractTestNGCucumberTests.runScenario(Lio/cucumber/testng/PickleWrapper;Lio/cucumber/testng/FeatureWrapper;)V+10
j  java.lang.invoke.LambdaForm$DMH+0x0000028a01204000.invokeVirtual(Ljava/lang/Object;Ljava/lang/Object;Ljava/lang/Object;Ljava/lang/Object;)V+14 java.base@21.0.8
j  java.lang.invoke.LambdaForm$MH+0x0000028a012bfc00.invoke(Ljava/lang/Object;Ljava/lang/Object;Ljava/lang/Object;Ljava/lang/Object;)Ljava/lang/Object;+73 java.base@21.0.8
J 2962 c1 jdk.internal.reflect.DirectMethodHandleAccessor.invoke(Ljava/lang/Object;[Ljava/lang/Object;)Ljava/lang/Object; java.base@21.0.8 (92 bytes) @ 0x0000028a507d3b2c [0x0000028a507d2e20+0x0000000000000d0c]
J 2610 c1 java.lang.reflect.Method.invoke(Ljava/lang/Object;[Ljava/lang/Object;)Ljava/lang/Object; java.base@21.0.8 (108 bytes) @ 0x0000028a50720c54 [0x0000028a50720740+0x0000000000000514]
j  org.testng.internal.invokers.MethodInvocationHelper.invokeMethod(Ljava/lang/reflect/Method;Ljava/lang/Object;[Ljava/lang/Object;)Ljava/lang/Object;+207
j  org.testng.internal.invokers.TestInvoker.invokeMethod(Lorg/testng/internal/invokers/TestMethodArguments;Lorg/testng/xml/XmlSuite;Lorg/testng/internal/invokers/ITestInvoker$FailureContext;)Lorg/testng/ITestResult;+1028
j  org.testng.internal.invokers.TestInvoker.invokeTestMethod(Lorg/testng/internal/invokers/TestMethodArguments;Lorg/testng/xml/XmlSuite;Lorg/testng/internal/invokers/ITestInvoker$FailureContext;)Lorg/testng/ITestResult;+16
j  org.testng.internal.invokers.TestMethodWithDataProviderMethodWorker.call()Ljava/util/List;+127
j  org.testng.internal.thread.Async$AsyncTask.run()V+18
j  java.util.concurrent.ThreadPoolExecutor.runWorker(Ljava/util/concurrent/ThreadPoolExecutor$Worker;)V+92 java.base@21.0.8
j  java.util.concurrent.ThreadPoolExecutor$Worker.run()V+5 java.base@21.0.8
j  java.lang.Thread.runWith(Ljava/lang/Object;Ljava/lang/Runnable;)V+5 java.base@21.0.8
j  java.lang.Thread.run()V+19 java.base@21.0.8
v  ~StubRoutines::call_stub 0x0000028a5778100d

Compiled method (n/a) 13741  705     n 0       java.lang.ClassLoader::defineClass1 (native)
 total in heap  [0x0000028a57d5ef10,0x0000028a57d5f570] = 1632
 relocation     [0x0000028a57d5f070,0x0000028a57d5f0a8] = 56
 main code      [0x0000028a57d5f0c0,0x0000028a57d5f56f] = 1199
 stub code      [0x0000028a57d5f56f,0x0000028a57d5f570] = 1

[Constant Pool (empty)]

[MachCode]
[Entry Point]
  # {method} {0x0000028a00436e28} 'defineClass1' '(Ljava/lang/ClassLoader;Ljava/lang/String;[BIILjava/security/ProtectionDomain;Ljava/lang/String;)Ljava/lang/Class;' in 'java/lang/ClassLoader'
  # parm0:    rdx:rdx   = 'java/lang/ClassLoader'
  # parm1:    r8:r8     = 'java/lang/String'
  # parm2:    r9:r9     = '[B'
  # parm3:    rdi       = int
  # parm4:    rsi       = int
  # parm5:    rcx:rcx   = 'java/security/ProtectionDomain'
  # parm6:    [sp+0xa0]   = 'java/lang/String'  (sp of caller)
  0x0000028a57d5f0c0: 448b 5208 | 49bb 0000 | 0000 8a02 | 0000 4d03 | d349 3bc2 | 0f84 0600 

  0x0000028a57d5f0d8: ;   {runtime_call ic_miss_stub}
  0x0000028a57d5f0d8: 0000 e9a1 | f6a6 ff90 
[Verified Entry Point]
  0x0000028a57d5f0e0: 8984 2400 | 80ff ff55 | 488b ec48 | 81ec 9000 | 0000 6690 | 4181 7f20 | 0500 0000 

  0x0000028a57d5f0fc: ;   {runtime_call StubRoutines (final stubs)}
  0x0000028a57d5f0fc: 7405 e85d | 5ca5 ff48 | 837d 1000 | 488d 4510 | 480f 4445 | 1048 8944 | 2440 4889 | 4c24 7048 
  0x0000028a57d5f11c: 83f9 0048 | 8d44 2470 | 480f 4444 | 2470 4889 | 4424 3848 | 8974 2430 | 4889 7c24 | 284c 894c 
  0x0000028a57d5f13c: 2458 4983 | f900 488d | 4424 5848 | 0f44 4424 | 5848 8944 | 2420 4c89 | 4424 5049 | 83f8 004c 
  0x0000028a57d5f15c: 8d4c 2450 | 4c0f 444c | 2450 4889 | 5424 4848 | 83fa 004c | 8d44 2448 | 4c0f 4444 

  0x0000028a57d5f178: ;   {oop(a 'java/lang/Class'{0x00000000834db608} = 'java/lang/ClassLoader')}
  0x0000028a57d5f178: 2448 49be | 08b6 4d83 | 0000 0000 | 4c89 7424 | 784c 8d74 | 2478 498b | d6c5 f877 

  0x0000028a57d5f194: ;   {internal_word}
  0x0000028a57d5f194: 49ba 91f1 | d557 8a02 | 0000 4d89 | 97a0 0300 | 0049 89a7 | 9803 0000 

  0x0000028a57d5f1ac: ;   {external_word}
  0x0000028a57d5f1ac: 49ba 56cc | 414c f97f | 0000 4180 | 3a00 0f84 | 4e00 0000 | 5241 5041 

  0x0000028a57d5f1c4: ;   {metadata({method} {0x0000028a00436e28} 'defineClass1' '(Ljava/lang/ClassLoader;Ljava/lang/String;[BIILjava/security/ProtectionDomain;Ljava/lang/String;)Ljava/lang/Class;' in 'java/lang/ClassLoader')}
  0x0000028a57d5f1c4: 5148 ba20 | 6e43 008a | 0200 0049 | 8bcf 4883 | ec20 40f6 | c40f 0f84 | 1900 0000 | 4883 ec08 
  0x0000028a57d5f1e4: ;   {runtime_call}
  0x0000028a57d5f1e4: 48b8 908d | eb4b f97f | 0000 ffd0 | 4883 c408 | e90c 0000 

  0x0000028a57d5f1f8: ;   {runtime_call}
  0x0000028a57d5f1f8: 0048 b890 | 8deb 4bf9 | 7f00 00ff | d048 83c4 | 2041 5941 | 585a 498d | 8fb8 0300 | 0041 c787 
  0x0000028a57d5f218: 4404 0000 | 0400 0000 

  0x0000028a57d5f220: ;   {runtime_call}
  0x0000028a57d5f220: 48b8 ac16 | 5d98 f97f | 0000 ffd0 | c5f8 7741 | c787 4404 | 0000 0500 | 0000 f083 | 4424 c000 
  0x0000028a57d5f240: 493b af48 | 0400 000f | 870e 0000 | 0041 83bf | 4004 0000 | 000f 842b | 0000 00c5 | f877 4889 
  0x0000028a57d5f260: 45f8 498b | cf4c 8be4 | 4883 ec20 | 4883 e4f0 

  0x0000028a57d5f270: ;   {runtime_call}
  0x0000028a57d5f270: 48b8 20fa | b64b f97f | 0000 ffd0 | 498b e44d | 33e4 488b | 45f8 41c7 | 8744 0400 | 0008 0000 
  0x0000028a57d5f290: 0041 83bf | c004 0000 | 020f 84a3 

  0x0000028a57d5f29c: ;   {external_word}
  0x0000028a57d5f29c: 0200 0049 | ba56 cc41 | 4cf9 7f00 | 0041 803a | 000f 844c | 0000 0048 

  0x0000028a57d5f2b4: ;   {metadata({method} {0x0000028a00436e28} 'defineClass1' '(Ljava/lang/ClassLoader;Ljava/lang/String;[BIILjava/security/ProtectionDomain;Ljava/lang/String;)Ljava/lang/Class;' in 'java/lang/ClassLoader')}
  0x0000028a57d5f2b4: 8945 f848 | ba20 6e43 | 008a 0200 | 0049 8bcf | 4883 ec20 | 40f6 c40f | 0f84 1900 | 0000 4883 
  0x0000028a57d5f2d4: ;   {runtime_call}
  0x0000028a57d5f2d4: ec08 48b8 | 908d eb4b | f97f 0000 | ffd0 4883 | c408 e90c 

  0x0000028a57d5f2e8: ;   {runtime_call}
  0x0000028a57d5f2e8: 0000 0048 | b890 8deb | 4bf9 7f00 | 00ff d048 | 83c4 2048 | 8b45 f849 | c787 9803 | 0000 0000 
  0x0000028a57d5f308: 0000 49c7 | 87a0 0300 | 0000 0000 | 00c5 f877 | 4885 c00f | 84fe 0100 | 00a8 030f | 8508 0000 
  0x0000028a57d5f328: 0048 8b00 | e9ee 0100 | 00a8 010f | 8509 0000 | 0048 8b40 | fee9 dd01 | 0000 488b | 40ff 4180 
  0x0000028a57d5f348: 7f40 000f | 84ce 0100 | 0048 83f8 | 000f 84c4 | 0100 0049 | 8b4f 2848 | 83f9 000f | 8414 0000 
  0x0000028a57d5f368: 0048 83e9 | 0849 894f | 2849 034f | 3848 8901 | e9a2 0100 | 0048 81ec | d000 0000 | 4889 0424 
  0x0000028a57d5f388: 4889 4c24 | 0848 8954 | 2410 4889 | 7424 1848 | 897c 2420 | 4c89 4424 | 284c 894c | 2430 4c89 
  0x0000028a57d5f3a8: 5424 384c | 895c 2440 | c5fb 1144 | 2450 c5fb | 114c 2458 | c5fb 1154 | 2460 c5fb | 115c 2468 
  0x0000028a57d5f3c8: c5fb 1164 | 2470 c5fb | 116c 2478 | c5fb 11b4 | 2480 0000 | 00c5 fb11 | bc24 8800 | 0000 c57b 
  0x0000028a57d5f3e8: ;   {no_reloc}
  0x0000028a57d5f3e8: 1184 2490 | 0000 00c5 | 7b11 8c24 | 9800 0000 | c57b 1194 | 24a0 0000 | 00c5 7b11 | 9c24 a800 
  0x0000028a57d5f408: 0000 c57b | 11a4 24b0 | 0000 00c5 | 7b11 ac24 | b800 0000 | c57b 11b4 | 24c0 0000 | 00c5 7b11 
  0x0000028a57d5f428: bc24 c800 | 0000 498b | d748 8bc8 | 4883 ec20 | 40f6 c40f | 0f84 1900 | 0000 4883 

  0x0000028a57d5f444: ;   {runtime_call}
  0x0000028a57d5f444: ec08 48b8 | c03c aa4b | f97f 0000 | ffd0 4883 | c408 e90c 

  0x0000028a57d5f458: ;   {runtime_call}
  0x0000028a57d5f458: 0000 0048 | b8c0 3caa | 4bf9 7f00 | 00ff d048 | 83c4 20c5 | 7b10 bc24 | c800 0000 | c57b 10b4 
  0x0000028a57d5f478: 24c0 0000 | 00c5 7b10 | ac24 b800 | 0000 c57b | 10a4 24b0 | 0000 00c5 | 7b10 9c24 | a800 0000 
  0x0000028a57d5f498: c57b 1094 | 24a0 0000 | 00c5 7b10 | 8c24 9800 | 0000 c57b | 1084 2490 | 0000 00c5 | fb10 bc24 
  0x0000028a57d5f4b8: 8800 0000 | c5fb 10b4 | 2480 0000 | 00c5 fb10 | 6c24 78c5 | fb10 6424 | 70c5 fb10 | 5c24 68c5 
  0x0000028a57d5f4d8: fb10 5424 | 60c5 fb10 | 4c24 58c5 | fb10 4424 | 504c 8b5c | 2440 4c8b | 5424 384c | 8b4c 2430 
  0x0000028a57d5f4f8: 4c8b 4424 | 2848 8b7c | 2420 488b | 7424 1848 | 8b54 2410 | 488b 4c24 | 0848 8b04 | 2448 81c4 
  0x0000028a57d5f518: d000 0000 | c5f8 7749 | 8b8f 2804 | 0000 c781 | 0001 0000 | 0000 0000 | c949 837f | 0800 0f85 
  0x0000028a57d5f538: 0100 0000 

  0x0000028a57d5f53c: ;   {runtime_call StubRoutines (initial stubs)}
  0x0000028a57d5f53c: c3e9 be19 | a2ff c5f8 | 7748 8945 | f84c 8be4 | 4883 ec20 | 4883 e4f0 

  0x0000028a57d5f554: ;   {runtime_call}
  0x0000028a57d5f554: 48b8 30c5 | eb4b f97f | 0000 ffd0 | 498b e44d | 33e4 488b | 45f8 e930 | fdff fff4 
[/MachCode]


Compiled method (c1) 13768 1263       3       java.lang.ClassLoader::defineClass (43 bytes)
 total in heap  [0x0000028a5048ef90,0x0000028a5048f8e0] = 2384
 relocation     [0x0000028a5048f0f0,0x0000028a5048f190] = 160
 main code      [0x0000028a5048f1a0,0x0000028a5048f638] = 1176
 stub code      [0x0000028a5048f638,0x0000028a5048f6b0] = 120
 metadata       [0x0000028a5048f6b0,0x0000028a5048f6e0] = 48
 scopes data    [0x0000028a5048f6e0,0x0000028a5048f7d0] = 240
 scopes pcs     [0x0000028a5048f7d0,0x0000028a5048f8b0] = 224
 dependencies   [0x0000028a5048f8b0,0x0000028a5048f8b8] = 8
 nul chk table  [0x0000028a5048f8b8,0x0000028a5048f8e0] = 40

[Constant Pool (empty)]

[MachCode]
[Entry Point]
  # {method} {0x0000028a004371a8} 'defineClass' '(Ljava/lang/String;[BIILjava/security/ProtectionDomain;)Ljava/lang/Class;' in 'java/lang/ClassLoader'
  # this:     rdx:rdx   = 'java/lang/ClassLoader'
  # parm0:    r8:r8     = 'java/lang/String'
  # parm1:    r9:r9     = '[B'
  # parm2:    rdi       = int
  # parm3:    rsi       = int
  # parm4:    rcx:rcx   = 'java/security/ProtectionDomain'
  #           [sp+0xc0]  (sp of caller)
  0x0000028a5048f1a0: 448b 5208 | 49bb 0000 | 0000 8a02 | 0000 4d03 | d34c 3bd0 

  0x0000028a5048f1b4: ;   {runtime_call ic_miss_stub}
  0x0000028a5048f1b4: 0f85 c6f5 | 3307 660f | 1f44 0000 
[Verified Entry Point]
  0x0000028a5048f1c0: 8984 2400 | 80ff ff55 | 4881 ecb0 | 0000 0090 | 4181 7f20 | 0500 0000 

  0x0000028a5048f1d8: ;   {runtime_call StubRoutines (final stubs)}
  0x0000028a5048f1d8: 7405 e881 | 5b32 0748 | 8954 2478 

  0x0000028a5048f1e4: ;   {metadata(method data for {method} {0x0000028a004371a8} 'defineClass' '(Ljava/lang/String;[BIILjava/security/ProtectionDomain;)Ljava/lang/Class;' in 'java/lang/ClassLoader')}
  0x0000028a5048f1e4: 48bb 3004 | 3a65 8a02 | 0000 8b83 | cc00 0000 | 83c0 0289 | 83cc 0000 | 0025 fe07 | 0000 85c0 
  0x0000028a5048f204: 0f84 5003 | 0000 89b4 | 2494 0000 | 0089 bc24 | 9000 0000 | 4c89 8c24 | 8800 0000 

  0x0000028a5048f220: ;   {metadata(method data for {method} {0x0000028a004371a8} 'defineClass' '(Ljava/lang/String;[BIILjava/security/ProtectionDomain;)Ljava/lang/Class;' in 'java/lang/ClassLoader')}
  0x0000028a5048f220: 488b da48 | b830 043a | 658a 0200 | 0048 8380 | 1001 0000 | 0149 8bd8 | 4c8b c34c | 8bc9 488b 
  0x0000028a5048f240: ca48 8bd1 | 4889 9c24 | 8000 0000 

  0x0000028a5048f24c: ;   {optimized virtual_call}
  0x0000028a5048f24c: 6666 90e8 

  0x0000028a5048f250: ; ImmutableOopMap {[120]=Oop [128]=Oop [136]=Oop }
                      ;*invokevirtual preDefineClass {reexecute=0 rethrow=0 return_oop=0}
                      ; - java.lang.ClassLoader::defineClass@4 (line 1025)
  0x0000028a5048f250: 4c2d 0000 

  0x0000028a5048f254: ;   {other}
  0x0000028a5048f254: 0f1f 8400 | c402 0000 | 4889 8424 | 9800 0000 | 488b 5424 

  0x0000028a5048f268: ;   {metadata(method data for {method} {0x0000028a004371a8} 'defineClass' '(Ljava/lang/String;[BIILjava/security/ProtectionDomain;)Ljava/lang/Class;' in 'java/lang/ClassLoader')}
  0x0000028a5048f268: 7849 b830 | 043a 658a | 0200 0049 | 8380 4801 

  0x0000028a5048f278: ;   {metadata(method data for {method} {0x0000028a00436e90} 'defineClassSourceLocation' '(Ljava/security/ProtectionDomain;)Ljava/lang/String;' in 'java/lang/ClassLoader')}
  0x0000028a5048f278: 0000 0149 | b848 0b3a | 658a 0200 | 0041 8b90 | cc00 0000 | 83c2 0241 | 8990 cc00 | 0000 81e2 
  0x0000028a5048f298: feff 1f00 | 85d2 0f84 | d702 0000 

  0x0000028a5048f2a4: ; implicit exception: dispatches to 0x0000028a5048f59c
  0x0000028a5048f2a4: 483b 004c 

  0x0000028a5048f2a8: ;   {metadata(method data for {method} {0x0000028a00436e90} 'defineClassSourceLocation' '(Ljava/security/ProtectionDomain;)Ljava/lang/String;' in 'java/lang/ClassLoader')}
  0x0000028a5048f2a8: 8bc0 48ba | 480b 3a65 | 8a02 0000 | 4883 8210 | 0100 0001 | 448b 4010 

  0x0000028a5048f2c0: ;   {metadata(method data for {method} {0x0000028a00436e90} 'defineClassSourceLocation' '(Ljava/security/ProtectionDomain;)Ljava/lang/String;' in 'java/lang/ClassLoader')}
  0x0000028a5048f2c0: 4d85 c048 | ba48 0b3a | 658a 0200 | 0048 c7c6 | 5801 0000 | 7507 48c7 | c648 0100 | 0048 8b3c 
  0x0000028a5048f2e0: 3248 8d7f | 0148 893c | 320f 850f 

  0x0000028a5048f2ec: ;   {oop(nullptr)}
  0x0000028a5048f2ec: 0000 0048 | bb00 0000 | 0000 0000 | 00e9 a101 | 0000 493b | 0049 8bd0 

  0x0000028a5048f304: ;   {metadata(method data for {method} {0x0000028a00436e90} 'defineClassSourceLocation' '(Ljava/security/ProtectionDomain;)Ljava/lang/String;' in 'java/lang/ClassLoader')}
  0x0000028a5048f304: 48be 480b | 3a65 8a02 | 0000 4883 | 8668 0100 | 0001 418b | 500c 4885 

  0x0000028a5048f31c: ;   {metadata(method data for {method} {0x0000028a00436e90} 'defineClassSourceLocation' '(Ljava/security/ProtectionDomain;)Ljava/lang/String;' in 'java/lang/ClassLoader')}
  0x0000028a5048f31c: d248 be48 | 0b3a 658a | 0200 0048 | c7c7 b001 | 0000 7507 | 48c7 c7a0 | 0100 0048 | 8b1c 3e48 
  0x0000028a5048f33c: 8d5b 0148 | 891c 3e0f | 850f 0000 

  0x0000028a5048f348: ;   {oop(nullptr)}
  0x0000028a5048f348: 0048 bb00 | 0000 0000 | 0000 00e9 | 4701 0000 

  0x0000028a5048f358: ;   {metadata(method data for {method} {0x0000028a00436e90} 'defineClassSourceLocation' '(Ljava/security/ProtectionDomain;)Ljava/lang/String;' in 'java/lang/ClassLoader')}
  0x0000028a5048f358: 48be 480b | 3a65 8a02 | 0000 4883 | 86c0 0100 | 0001 483b | 024c 8bc2 

  0x0000028a5048f370: ;   {metadata(method data for {method} {0x0000028a00436e90} 'defineClassSourceLocation' '(Ljava/security/ProtectionDomain;)Ljava/lang/String;' in 'java/lang/ClassLoader')}
  0x0000028a5048f370: 48be 480b | 3a65 8a02 | 0000 4883 | 86f8 0100 

  0x0000028a5048f380: ;   {metadata(method data for {method} {0x0000028a0001ade8} 'toString' '()Ljava/lang/String;' in 'java/net/URL')}
  0x0000028a5048f380: 0001 49b8 | 3090 1265 | 8a02 0000 | 418b b0cc | 0000 0083 | c602 4189 | b0cc 0000 | 0081 e6fe 
  0x0000028a5048f3a0: ff1f 0085 | f60f 8400 | 0200 004c 

  0x0000028a5048f3ac: ;   {metadata(method data for {method} {0x0000028a0001ade8} 'toString' '()Ljava/lang/String;' in 'java/net/URL')}
  0x0000028a5048f3ac: 8bc2 48be | 3090 1265 | 8a02 0000 | 4883 8610 | 0100 0001 

  0x0000028a5048f3c0: ;   {metadata(method data for {method} {0x0000028a0042aa30} 'toExternalForm' '()Ljava/lang/String;' in 'java/net/URL')}
  0x0000028a5048f3c0: 49b8 b891 | 1265 8a02 | 0000 418b | b0cc 0000 | 0083 c602 | 4189 b0cc | 0000 0081 | e6fe ff1f 
  0x0000028a5048f3e0: 0085 f60f | 84e3 0100 | 008b 7238 

  0x0000028a5048f3ec: ; implicit exception: dispatches to 0x0000028a5048f5ed
  0x0000028a5048f3ec: 483b 064c 

  0x0000028a5048f3f0: ;   {metadata(method data for {method} {0x0000028a0042aa30} 'toExternalForm' '()Ljava/lang/String;' in 'java/net/URL')}
  0x0000028a5048f3f0: 8bc6 48bf | b891 1265 | 8a02 0000 | 458b 4008 | 49ba 0000 | 0000 8a02 | 0000 4d03 | c24c 3b87 
  0x0000028a5048f410: 2001 0000 | 750d 4883 | 8728 0100 | 0001 e960 | 0000 004c | 3b87 3001 | 0000 750d | 4883 8738 
  0x0000028a5048f430: 0100 0001 | e94a 0000 | 0048 83bf | 2001 0000 | 0075 174c | 8987 2001 | 0000 48c7 | 8728 0100 
  0x0000028a5048f450: 0001 0000 | 00e9 2900 | 0000 4883 | bf30 0100 | 0000 7517 | 4c89 8730 | 0100 0048 | c787 3801 
  0x0000028a5048f470: 0000 0100 | 0000 e908 | 0000 0048 | 8387 1001 | 0000 014c | 8bc2 488b | d666 0f1f 

  0x0000028a5048f48c: ;   {optimized virtual_call}
  0x0000028a5048f48c: 4400 00e8 

  0x0000028a5048f490: ; ImmutableOopMap {[120]=Oop [128]=Oop [136]=Oop [152]=Oop }
                      ;*invokevirtual toExternalForm {reexecute=0 rethrow=0 return_oop=0}
                      ; - java.net.URL::toExternalForm@5 (line 1203)
                      ; - java.net.URL::toString@1 (line 1189)
                      ; - java.lang.ClassLoader::defineClassSourceLocation@22 (line 927)
                      ; - java.lang.ClassLoader::defineClass@12 (line 1026)
  0x0000028a5048f490: 0cf5 f9ff 

  0x0000028a5048f494: ;   {other}
  0x0000028a5048f494: 0f1f 8400 | 0405 0001 | 488b d848 | 8b84 2498 | 0000 008b | b424 9400 | 0000 8bbc | 2490 0000 
  0x0000028a5048f4b4: 004c 8b8c | 2488 0000 | 004c 8b84 | 2480 0000 | 0048 8b54 

  0x0000028a5048f4c8: ;   {metadata(method data for {method} {0x0000028a004371a8} 'defineClass' '(Ljava/lang/String;[BIILjava/security/ProtectionDomain;)Ljava/lang/Class;' in 'java/lang/ClassLoader')}
  0x0000028a5048f4c8: 2478 48b9 | 3004 3a65 | 8a02 0000 | 4883 8180 | 0100 0001 | 4c8b da49 | 8bd3 488b | c848 891c 
  0x0000028a5048f4e8: 2466 0f1f 

  0x0000028a5048f4ec: ;   {static_call}
  0x0000028a5048f4ec: 4400 00e8 

  0x0000028a5048f4f0: ; ImmutableOopMap {[120]=Oop [152]=Oop }
                      ;*invokestatic defineClass1 {reexecute=0 rethrow=0 return_oop=0}
                      ; - java.lang.ClassLoader::defineClass@27 (line 1027)
  0x0000028a5048f4f0: ecfb 8c07 

  0x0000028a5048f4f4: ;   {other}
  0x0000028a5048f4f4: 0f1f 8400 | 6405 0002 | 488b 5424 

  0x0000028a5048f500: ;   {metadata(method data for {method} {0x0000028a004371a8} 'defineClass' '(Ljava/lang/String;[BIILjava/security/ProtectionDomain;)Ljava/lang/Class;' in 'java/lang/ClassLoader')}
  0x0000028a5048f500: 7849 b830 | 043a 658a | 0200 0049 | 8380 9001 | 0000 014c | 8bc0 4c8b | 8c24 9800 | 0000 488b 
  0x0000028a5048f520: 5424 7848 | 8984 24a0 | 0000 000f 

  0x0000028a5048f52c: ;   {optimized virtual_call}
  0x0000028a5048f52c: 1f40 00e8 

  0x0000028a5048f530: ; ImmutableOopMap {[160]=Oop }
                      ;*invokevirtual postDefineClass {reexecute=0 rethrow=0 return_oop=0}
                      ; - java.lang.ClassLoader::defineClass@37 (line 1028)
  0x0000028a5048f530: ec44 0000 

  0x0000028a5048f534: ;   {other}
  0x0000028a5048f534: 0f1f 8400 | a405 0003 | 488b 8424 | a000 0000 | 4881 c4b0 | 0000 005d 

  0x0000028a5048f54c: ;   {poll_return}
  0x0000028a5048f54c: 493b a748 | 0400 000f | 8799 0000 

  0x0000028a5048f558: ;   {metadata({method} {0x0000028a004371a8} 'defineClass' '(Ljava/lang/String;[BIILjava/security/ProtectionDomain;)Ljava/lang/Class;' in 'java/lang/ClassLoader')}
  0x0000028a5048f558: 00c3 49ba | a071 4300 | 8a02 0000 | 4c89 5424 | 0848 c704 | 24ff ffff 

  0x0000028a5048f570: ;   {runtime_call counter_overflow Runtime1 stub}
  0x0000028a5048f570: ffe8 0a8b 

  0x0000028a5048f574: ; ImmutableOopMap {rdx=Oop r8=Oop r9=Oop rcx=Oop [120]=Oop }
                      ;*synchronization entry
                      ; - java.lang.ClassLoader::defineClass@-1 (line 1025)
  0x0000028a5048f574: 4007 e98f 

  0x0000028a5048f578: ;   {metadata({method} {0x0000028a00436e90} 'defineClassSourceLocation' '(Ljava/security/ProtectionDomain;)Ljava/lang/String;' in 'java/lang/ClassLoader')}
  0x0000028a5048f578: fcff ff49 | ba88 6e43 | 008a 0200 | 004c 8954 | 2408 48c7 | 0424 ffff 

  0x0000028a5048f590: ;   {runtime_call counter_overflow Runtime1 stub}
  0x0000028a5048f590: ffff e8e9 

  0x0000028a5048f594: ; ImmutableOopMap {rax=Oop [120]=Oop [128]=Oop [136]=Oop [152]=Oop }
                      ;*synchronization entry
                      ; - java.lang.ClassLoader::defineClassSourceLocation@-1 (line 924)
                      ; - java.lang.ClassLoader::defineClass@12 (line 1026)
  0x0000028a5048f594: 8a40 07e9 | 08fd ffff 

  0x0000028a5048f59c: ;   {runtime_call throw_null_pointer_exception Runtime1 stub}
  0x0000028a5048f59c: e8df 0c40 

  0x0000028a5048f5a0: ; ImmutableOopMap {rax=Oop [120]=Oop [128]=Oop [136]=Oop [152]=Oop }
                      ;*invokevirtual getCodeSource {reexecute=0 rethrow=0 return_oop=0}
                      ; - java.lang.ClassLoader::defineClassSourceLocation@1 (line 924)
                      ; - java.lang.ClassLoader::defineClass@12 (line 1026)
                      ;   {runtime_call throw_null_pointer_exception Runtime1 stub}
  0x0000028a5048f5a0: 07e8 da0c 

  0x0000028a5048f5a4: ; ImmutableOopMap {rax=Oop r8=Oop [120]=Oop [128]=Oop [136]=Oop [152]=Oop }
                      ;*invokevirtual getLocation {reexecute=0 rethrow=0 return_oop=0}
                      ; - java.lang.ClassLoader::defineClassSourceLocation@12 (line 926)
                      ; - java.lang.ClassLoader::defineClass@12 (line 1026)
                      ;   {runtime_call throw_null_pointer_exception Runtime1 stub}
  0x0000028a5048f5a4: 4007 e8d5 

  0x0000028a5048f5a8: ; ImmutableOopMap {rdx=Oop [120]=Oop [128]=Oop [136]=Oop [152]=Oop }
                      ;*invokevirtual toString {reexecute=0 rethrow=0 return_oop=0}
                      ; - java.lang.ClassLoader::defineClassSourceLocation@22 (line 927)
                      ; - java.lang.ClassLoader::defineClass@12 (line 1026)
                      ;   {metadata({method} {0x0000028a0001ade8} 'toString' '()Ljava/lang/String;' in 'java/net/URL')}
  0x0000028a5048f5a8: 0c40 0749 | bae0 ad01 | 008a 0200 | 004c 8954 | 2408 48c7 | 0424 ffff 

  0x0000028a5048f5c0: ;   {runtime_call counter_overflow Runtime1 stub}
  0x0000028a5048f5c0: ffff e8b9 

  0x0000028a5048f5c4: ; ImmutableOopMap {rdx=Oop [120]=Oop [128]=Oop [136]=Oop [152]=Oop }
                      ;*synchronization entry
                      ; - java.net.URL::toString@-1 (line 1189)
                      ; - java.lang.ClassLoader::defineClassSourceLocation@22 (line 927)
                      ; - java.lang.ClassLoader::defineClass@12 (line 1026)
  0x0000028a5048f5c4: 8a40 07e9 | dffd ffff 

  0x0000028a5048f5cc: ;   {metadata({method} {0x0000028a0042aa30} 'toExternalForm' '()Ljava/lang/String;' in 'java/net/URL')}
  0x0000028a5048f5cc: 49ba 28aa | 4200 8a02 | 0000 4c89 | 5424 0848 | c704 24ff 

  0x0000028a5048f5e0: ;   {runtime_call counter_overflow Runtime1 stub}
  0x0000028a5048f5e0: ffff ffe8 

  0x0000028a5048f5e4: ; ImmutableOopMap {rdx=Oop [120]=Oop [128]=Oop [136]=Oop [152]=Oop }
                      ;*synchronization entry
                      ; - java.net.URL::toExternalForm@-1 (line 1203)
                      ; - java.net.URL::toString@1 (line 1189)
                      ; - java.lang.ClassLoader::defineClassSourceLocation@22 (line 927)
                      ; - java.lang.ClassLoader::defineClass@12 (line 1026)
  0x0000028a5048f5e4: 988a 4007 | e9fc fdff 

  0x0000028a5048f5ec: ;   {runtime_call throw_null_pointer_exception Runtime1 stub}
  0x0000028a5048f5ec: ffe8 8e0c 

  0x0000028a5048f5f0: ; ImmutableOopMap {rdx=Oop rsi=Oop [120]=Oop [128]=Oop [136]=Oop [152]=Oop }
                      ;*invokevirtual toExternalForm {reexecute=0 rethrow=0 return_oop=0}
                      ; - java.net.URL::toExternalForm@5 (line 1203)
                      ; - java.net.URL::toString@1 (line 1189)
                      ; - java.lang.ClassLoader::defineClassSourceLocation@22 (line 927)
                      ; - java.lang.ClassLoader::defineClass@12 (line 1026)
                      ;   {internal_word}
  0x0000028a5048f5f0: 4007 49ba | 4cf5 4850 | 8a02 0000 | 4d89 9760 

  0x0000028a5048f600: ;   {runtime_call SafepointBlob}
  0x0000028a5048f600: 0400 00e9 | f860 3407 | 498b 87f8 | 0400 0049 | c787 f804 | 0000 0000 | 0000 49c7 | 8700 0500 
  0x0000028a5048f620: 0000 0000 | 0048 81c4 | b000 0000 

  0x0000028a5048f62c: ;   {runtime_call unwind_exception Runtime1 stub}
  0x0000028a5048f62c: 5de9 4efd | 3f07 f4f4 | f4f4 f4f4 
[Stub Code]
  0x0000028a5048f638: ;   {no_reloc}
  0x0000028a5048f638: 0f1f 4400 

  0x0000028a5048f63c: ;   {static_stub}
  0x0000028a5048f63c: 0048 bb00 | 0000 0000 

  0x0000028a5048f644: ;   {runtime_call nmethod}
  0x0000028a5048f644: 0000 00e9 | fbff ffff 

  0x0000028a5048f64c: ;   {static_stub}
  0x0000028a5048f64c: 48bb e06e | 4300 8a02 

  0x0000028a5048f654: ;   {runtime_call I2C/C2I adapters}
  0x0000028a5048f654: 0000 e910 

  0x0000028a5048f658: ;   {static_stub}
  0x0000028a5048f658: b733 0748 | bb00 0000 | 0000 0000 

  0x0000028a5048f664: ;   {runtime_call nmethod}
  0x0000028a5048f664: 00e9 fbff 

  0x0000028a5048f668: ;   {static_stub}
  0x0000028a5048f668: ffff 48bb | c86d 4300 | 8a02 0000 

  0x0000028a5048f674: ;   {runtime_call I2C/C2I adapters}
  0x0000028a5048f674: e9f2 b633 

  0x0000028a5048f678: ;   {runtime_call handle_exception_from_callee Runtime1 stub}
  0x0000028a5048f678: 07e8 8240 

  0x0000028a5048f67c: ;   {external_word}
  0x0000028a5048f67c: 4007 48b9 | 90e2 174c | f97f 0000 | 4883 e4f0 

  0x0000028a5048f68c: ;   {runtime_call}
  0x0000028a5048f68c: 48b8 1079 | da4b f97f | 0000 ffd0 

  0x0000028a5048f698: ;   {section_word}
  0x0000028a5048f698: f449 ba99 | f648 508a | 0200 0041 

  0x0000028a5048f6a4: ;   {runtime_call DeoptimizationBlob}
  0x0000028a5048f6a4: 52e9 f652 | 3407 f4f4 | f4f4 f4f4 
[/MachCode]


Compiled method (c1) 13802 1277       3       java.security.SecureClassLoader::defineClass (16 bytes)
 total in heap  [0x0000028a5049b110,0x0000028a5049b510] = 1024
 relocation     [0x0000028a5049b270,0x0000028a5049b2c0] = 80
 main code      [0x0000028a5049b2c0,0x0000028a5049b418] = 344
 stub code      [0x0000028a5049b418,0x0000028a5049b468] = 80
 metadata       [0x0000028a5049b468,0x0000028a5049b470] = 8
 scopes data    [0x0000028a5049b470,0x0000028a5049b4b8] = 72
 scopes pcs     [0x0000028a5049b4b8,0x0000028a5049b508] = 80
 dependencies   [0x0000028a5049b508,0x0000028a5049b510] = 8

[Constant Pool (empty)]

[MachCode]
[Entry Point]
  # {method} {0x0000028a0004dfa8} 'defineClass' '(Ljava/lang/String;[BIILjava/security/CodeSource;)Ljava/lang/Class;' in 'java/security/SecureClassLoader'
  # this:     rdx:rdx   = 'java/security/SecureClassLoader'
  # parm0:    r8:r8     = 'java/lang/String'
  # parm1:    r9:r9     = '[B'
  # parm2:    rdi       = int
  # parm3:    rsi       = int
  # parm4:    rcx:rcx   = 'java/security/CodeSource'
  #           [sp+0x80]  (sp of caller)
  0x0000028a5049b2c0: 448b 5208 | 49bb 0000 | 0000 8a02 | 0000 4d03 | d34c 3bd0 

  0x0000028a5049b2d4: ;   {runtime_call ic_miss_stub}
  0x0000028a5049b2d4: 0f85 a634 | 3307 660f | 1f44 0000 
[Verified Entry Point]
  0x0000028a5049b2e0: 8984 2400 | 80ff ff55 | 4883 ec70 | 4181 7f20 | 0500 0000 

  0x0000028a5049b2f4: ;   {runtime_call StubRoutines (final stubs)}
  0x0000028a5049b2f4: 7405 e865 

  0x0000028a5049b2f8: ;   {metadata(method data for {method} {0x0000028a0004dfa8} 'defineClass' '(Ljava/lang/String;[BIILjava/security/CodeSource;)Ljava/lang/Class;' in 'java/security/SecureClassLoader')}
  0x0000028a5049b2f8: 9a31 0748 | bb98 d939 | 658a 0200 | 008b 83cc | 0000 0083 | c002 8983 | cc00 0000 | 25fe 0700 
  0x0000028a5049b318: 0085 c00f | 8496 0000 | 0089 7424 | 5c89 7c24 | 584c 894c | 2450 4c89 | 4424 4848 

  0x0000028a5049b334: ;   {metadata(method data for {method} {0x0000028a0004dfa8} 'defineClass' '(Ljava/lang/String;[BIILjava/security/CodeSource;)Ljava/lang/Class;' in 'java/security/SecureClassLoader')}
  0x0000028a5049b334: 8bda 48b8 | 98d9 3965 | 8a02 0000 | 4883 8010 | 0100 0001 | 4c8b c148 | 8bc2 488b | d048 8944 
  0x0000028a5049b354: ;   {optimized virtual_call}
  0x0000028a5049b354: 2440 90e8 

  0x0000028a5049b358: ; ImmutableOopMap {[64]=Oop [72]=Oop [80]=Oop }
                      ;*invokevirtual getProtectionDomain {reexecute=0 rethrow=0 return_oop=0}
                      ; - java.security.SecureClassLoader::defineClass@9 (line 150)
  0x0000028a5049b358: 4426 ffff 

  0x0000028a5049b35c: ;   {other}
  0x0000028a5049b35c: 0f1f 8400 | 4c02 0000 | 488b 5424 

  0x0000028a5049b368: ;   {metadata(method data for {method} {0x0000028a0004dfa8} 'defineClass' '(Ljava/lang/String;[BIILjava/security/CodeSource;)Ljava/lang/Class;' in 'java/security/SecureClassLoader')}
  0x0000028a5049b368: 4049 b898 | d939 658a | 0200 0049 | 8380 4801 | 0000 014c | 8b44 2448 | 4c8b 4c24 | 508b 7c24 
  0x0000028a5049b388: 588b 7424 | 5c48 8bc8 | 488b 5424 

  0x0000028a5049b394: ;   {optimized virtual_call}
  0x0000028a5049b394: 4066 90e8 

  0x0000028a5049b398: ; ImmutableOopMap {}
                      ;*invokevirtual defineClass {reexecute=0 rethrow=0 return_oop=0}
                      ; - java.security.SecureClassLoader::defineClass@12 (line 150)
  0x0000028a5049b398: 243e ffff 

  0x0000028a5049b39c: ;   {other}
  0x0000028a5049b39c: 0f1f 8400 | 8c02 0001 | 4883 c470 

  0x0000028a5049b3a8: ;   {poll_return}
  0x0000028a5049b3a8: 5d49 3ba7 | 4804 0000 | 0f87 2200 

  0x0000028a5049b3b4: ;   {metadata({method} {0x0000028a0004dfa8} 'defineClass' '(Ljava/lang/String;[BIILjava/security/CodeSource;)Ljava/lang/Class;' in 'java/security/SecureClassLoader')}
  0x0000028a5049b3b4: 0000 c349 | baa0 df04 | 008a 0200 | 004c 8954 | 2408 48c7 | 0424 ffff 

  0x0000028a5049b3cc: ;   {runtime_call counter_overflow Runtime1 stub}
  0x0000028a5049b3cc: ffff e8ad 

  0x0000028a5049b3d0: ; ImmutableOopMap {rdx=Oop r8=Oop r9=Oop rcx=Oop }
                      ;*synchronization entry
                      ; - java.security.SecureClassLoader::defineClass@-1 (line 150)
  0x0000028a5049b3d0: cc3f 07e9 | 49ff ffff 

  0x0000028a5049b3d8: ;   {internal_word}
  0x0000028a5049b3d8: 49ba a9b3 | 4950 8a02 | 0000 4d89 | 9760 0400 

  0x0000028a5049b3e8: ;   {runtime_call SafepointBlob}
  0x0000028a5049b3e8: 00e9 12a3 | 3307 498b | 87f8 0400 | 0049 c787 | f804 0000 | 0000 0000 | 49c7 8700 | 0500 0000 
  0x0000028a5049b408: 0000 0048 | 83c4 705d 

  0x0000028a5049b410: ;   {runtime_call unwind_exception Runtime1 stub}
  0x0000028a5049b410: e96b 3f3f | 07f4 f4f4 
[Stub Code]
  0x0000028a5049b418: ;   {no_reloc}
  0x0000028a5049b418: 48bb 0000 | 0000 0000 

  0x0000028a5049b420: ;   {runtime_call nmethod}
  0x0000028a5049b420: 0000 e9fb 

  0x0000028a5049b424: ;   {static_stub}
  0x0000028a5049b424: ffff ff48 | bb00 0000 | 0000 0000 

  0x0000028a5049b430: ;   {runtime_call nmethod}
  0x0000028a5049b430: 00e9 fbff 

  0x0000028a5049b434: ;   {runtime_call handle_exception_from_callee Runtime1 stub}
  0x0000028a5049b434: ffff e8c5 

  0x0000028a5049b438: ;   {external_word}
  0x0000028a5049b438: 823f 0748 | b990 e217 | 4cf9 7f00 | 0048 83e4 

  0x0000028a5049b448: ;   {runtime_call}
  0x0000028a5049b448: f048 b810 | 79da 4bf9 | 7f00 00ff 

  0x0000028a5049b454: ;   {section_word}
  0x0000028a5049b454: d0f4 49ba | 56b4 4950 | 8a02 0000 

  0x0000028a5049b460: ;   {runtime_call DeoptimizationBlob}
  0x0000028a5049b460: 4152 e939 | 9533 07f4 
[/MachCode]


---------------  P R O C E S S  ---------------

Threads class SMR info:
_java_thread_list=0x0000028a6cc127c0, length=95, elements={
0x0000028a4af81020, 0x0000028a64ea5180, 0x0000028a64ea9190, 0x0000028a64eae8e0,
0x0000028a64eaf330, 0x0000028a64eb3840, 0x0000028a64eb43c0, 0x0000028a64ec3390,
0x0000028a64ec9810, 0x0000028a6911a2a0, 0x0000028a6912fb40, 0x0000028a69c79170,
0x0000028a6c048ec0, 0x0000028a6a8c2140, 0x0000028a6aae7250, 0x0000028a6aae78b0,
0x0000028a6c0bf450, 0x0000028a6c0bfab0, 0x0000028a6c0c0110, 0x0000028a6c1e11c0,
0x0000028a6c1df0f0, 0x0000028a6c1dfe10, 0x0000028a6c1e1ee0, 0x0000028a6c1df780,
0x0000028a6c1e2570, 0x0000028a6c1e04a0, 0x0000028a6c1e0b30, 0x0000028a6c1e1850,
0x0000028a6b1c44b0, 0x0000028a6b1c3790, 0x0000028a6b1c3e20, 0x0000028a6b1c4b40,
0x0000028a6b1c16c0, 0x0000028a6b1c2a70, 0x0000028a6b1c6580, 0x0000028a6b1c72a0,
0x0000028a6b1c6c10, 0x0000028a6b1c8ce0, 0x0000028a6b1c7930, 0x0000028a6b1c7fc0,
0x0000028a6b1c8650, 0x0000028a6b3b37d0, 0x0000028a6b3b44f0, 0x0000028a6b3b3e60,
0x0000028a6b3b1700, 0x0000028a6b3b1070, 0x0000028a6b3b4b80, 0x0000028a6b3b5210,
0x0000028a6b3b1d90, 0x0000028a6b3b58a0, 0x0000028a6b3b2ab0, 0x0000028a6b3b3140,
0x0000028a6b3b6c50, 0x0000028a6b3b72e0, 0x0000028a6b3b7970, 0x0000028a6b3b8000,
0x0000028a6b3b8690, 0x0000028a6d5be290, 0x0000028a6d5bbb30, 0x0000028a6d5be920,
0x0000028a6d5bdc00, 0x0000028a6d5bfcd0, 0x0000028a6d5bd570, 0x0000028a6d5bc850,
0x0000028a6d5c0360, 0x0000028a6d5bcee0, 0x0000028a6d5c1080, 0x0000028a6d5c09f0,
0x0000028a6d5c1710, 0x0000028a6d5c2430, 0x0000028a6d5c2ac0, 0x0000028a6d5c1da0,
0x0000028a6d5c3150, 0x0000028a698fef70, 0x0000028a698ff600, 0x0000028a69901040,
0x0000028a698ffc90, 0x0000028a69900320, 0x0000028a699009b0, 0x0000028a699016d0,
0x0000028a69901d60, 0x0000028a699023f0, 0x0000028a6928b3f0, 0x0000028a6928ba80,
0x0000028a6928c110, 0x0000028a6928c7a0, 0x0000028a6928ce30, 0x0000028a6928d4c0,
0x0000028a6928e1e0, 0x0000028a6928e870, 0x0000028a6928db50, 0x0000028a69b7a2d0,
0x0000028a69b79c40, 0x0000028a69b795b0, 0x0000028a69b7b680
}

Java Threads: ( => current thread )
  0x0000028a4af81020 JavaThread "main"                              [_thread_blocked, id=31780, stack(0x000000ab94c00000,0x000000ab94d00000) (1024K)]
  0x0000028a64ea5180 JavaThread "Reference Handler"          daemon [_thread_blocked, id=24764, stack(0x000000ab95400000,0x000000ab95500000) (1024K)]
  0x0000028a64ea9190 JavaThread "Finalizer"                  daemon [_thread_blocked, id=328, stack(0x000000ab95500000,0x000000ab95600000) (1024K)]
  0x0000028a64eae8e0 JavaThread "Signal Dispatcher"          daemon [_thread_blocked, id=28760, stack(0x000000ab95600000,0x000000ab95700000) (1024K)]
  0x0000028a64eaf330 JavaThread "Attach Listener"            daemon [_thread_blocked, id=13180, stack(0x000000ab95700000,0x000000ab95800000) (1024K)]
  0x0000028a64eb3840 JavaThread "Service Thread"             daemon [_thread_blocked, id=10844, stack(0x000000ab95800000,0x000000ab95900000) (1024K)]
  0x0000028a64eb43c0 JavaThread "Monitor Deflation Thread"   daemon [_thread_blocked, id=32208, stack(0x000000ab95900000,0x000000ab95a00000) (1024K)]
  0x0000028a64ec3390 JavaThread "C2 CompilerThread0"         daemon [_thread_blocked, id=20196, stack(0x000000ab95a00000,0x000000ab95b00000) (1024K)]
  0x0000028a64ec9810 JavaThread "C1 CompilerThread0"         daemon [_thread_blocked, id=20028, stack(0x000000ab95b00000,0x000000ab95c00000) (1024K)]
  0x0000028a6911a2a0 JavaThread "Notification Thread"        daemon [_thread_blocked, id=1484, stack(0x000000ab95c00000,0x000000ab95d00000) (1024K)]
  0x0000028a6912fb40 JavaThread "Common-Cleaner"             daemon [_thread_blocked, id=2836, stack(0x000000ab95d00000,0x000000ab95e00000) (1024K)]
  0x0000028a69c79170 JavaThread "ReaderThread"                      [_thread_in_native, id=9984, stack(0x000000ab96100000,0x000000ab96200000) (1024K)]
  0x0000028a6c048ec0 JavaThread "Forwarding newSession on session null to remote"        [_thread_blocked, id=30548, stack(0x000000ab96b00000,0x000000ab96c00000) (1024K)]
  0x0000028a6a8c2140 JavaThread "Forwarding newSession on session null to remote"        [_thread_blocked, id=21180, stack(0x000000ab96c00000,0x000000ab96d00000) (1024K)]
  0x0000028a6aae7250 JavaThread "TestNG-PoolService-3"              [_thread_blocked, id=26908, stack(0x000000ab96d00000,0x000000ab96e00000) (1024K)]
  0x0000028a6aae78b0 JavaThread "TestNG-PoolService-4"              [_thread_blocked, id=18360, stack(0x000000ab96e00000,0x000000ab96f00000) (1024K)]
  0x0000028a6c0bf450 JavaThread "Forwarding newSession on session null to remote"        [_thread_blocked, id=10636, stack(0x000000ab96f00000,0x000000ab97000000) (1024K)]
  0x0000028a6c0bfab0 JavaThread "Forwarding newSession on session null to remote"        [_thread_blocked, id=13528, stack(0x000000ab97000000,0x000000ab97100000) (1024K)]
  0x0000028a6c0c0110 JavaThread "TestNG-PoolService-7"              [_thread_blocked, id=25688, stack(0x000000ab97100000,0x000000ab97200000) (1024K)]
  0x0000028a6c1e11c0 JavaThread "Forwarding newSession on session null to remote"        [_thread_blocked, id=20076, stack(0x000000ab97200000,0x000000ab97300000) (1024K)]
=>0x0000028a6c1df0f0 JavaThread "TestNG-PoolService-9"              [_thread_in_vm, id=9032, stack(0x000000ab97300000,0x000000ab97400000) (1024K)]
  0x0000028a6c1dfe10 JavaThread "Forwarding newSession on session null to remote"        [_thread_blocked, id=22648, stack(0x000000ab97400000,0x000000ab97500000) (1024K)]
  0x0000028a6c1e1ee0 JavaThread "ForkJoinPool.commonPool-worker-1" daemon [_thread_blocked, id=15708, stack(0x000000ab96800000,0x000000ab96900000) (1024K)]
  0x0000028a6c1df780 JavaThread "HttpClient-10-SelectorManager" daemon [_thread_in_native, id=17360, stack(0x000000ab96900000,0x000000ab96a00000) (1024K)]
  0x0000028a6c1e2570 JavaThread "HttpClient-4-SelectorManager" daemon [_thread_in_native, id=30124, stack(0x000000ab97500000,0x000000ab97600000) (1024K)]
  0x0000028a6c1e04a0 JavaThread "HttpClient-8-SelectorManager" daemon [_thread_in_native, id=8600, stack(0x000000ab97600000,0x000000ab97700000) (1024K)]
  0x0000028a6c1e0b30 JavaThread "HttpClient-9-SelectorManager" daemon [_thread_in_native, id=28004, stack(0x000000ab97700000,0x000000ab97800000) (1024K)]
  0x0000028a6c1e1850 JavaThread "HttpClient-7-SelectorManager" daemon [_thread_in_native, id=35400, stack(0x000000ab97800000,0x000000ab97900000) (1024K)]
  0x0000028a6b1c44b0 JavaThread "HttpClient-6-SelectorManager" daemon [_thread_in_native, id=9952, stack(0x000000ab97900000,0x000000ab97a00000) (1024K)]
  0x0000028a6b1c3790 JavaThread "HttpClient-5-SelectorManager" daemon [_thread_in_native, id=6492, stack(0x000000ab97a00000,0x000000ab97b00000) (1024K)]
  0x0000028a6b1c3e20 JavaThread "HttpClient-2-SelectorManager" daemon [_thread_in_native, id=30084, stack(0x000000ab97b00000,0x000000ab97c00000) (1024K)]
  0x0000028a6b1c4b40 JavaThread "HttpClient-1-SelectorManager" daemon [_thread_in_native, id=35812, stack(0x000000ab97c00000,0x000000ab97d00000) (1024K)]
  0x0000028a6b1c16c0 JavaThread "HttpClient-3-SelectorManager" daemon [_thread_in_native, id=35712, stack(0x000000ab97d00000,0x000000ab97e00000) (1024K)]
  0x0000028a6b1c2a70 JavaThread "UrlChecker-2"               daemon [_thread_blocked, id=15172, stack(0x000000ab98400000,0x000000ab98500000) (1024K)]
  0x0000028a6b1c6580 JavaThread "UrlChecker-3"               daemon [_thread_blocked, id=11424, stack(0x000000ab98500000,0x000000ab98600000) (1024K)]
  0x0000028a6b1c72a0 JavaThread "External Process Output Forwarder - C:\Users\ADMIN\.cache\selenium\chromedriver\win64\148.0.7778.178\chromedriver.exe" daemon [_thread_in_native, id=1152, stack(0x000000ab98600000,0x000000ab98700000) (1024K)]
  0x0000028a6b1c6c10 JavaThread "Driver Service Executor"    daemon [_thread_blocked, id=29228, stack(0x000000ab98700000,0x000000ab98800000) (1024K)]
  0x0000028a6b1c8ce0 JavaThread "Driver Service Executor"    daemon [_thread_in_native, id=10356, stack(0x000000ab98800000,0x000000ab98900000) (1024K)]
  0x0000028a6b1c7930 JavaThread "UrlChecker-4"               daemon [_thread_blocked, id=34424, stack(0x000000ab98900000,0x000000ab98a00000) (1024K)]
  0x0000028a6b1c7fc0 JavaThread "External Process Output Forwarder - C:\Users\ADMIN\.cache\selenium\chromedriver\win64\148.0.7778.178\chromedriver.exe" daemon [_thread_in_native, id=32784, stack(0x000000ab98a00000,0x000000ab98b00000) (1024K)]
  0x0000028a6b1c8650 JavaThread "Driver Service Executor"    daemon [_thread_blocked, id=34392, stack(0x000000ab98b00000,0x000000ab98c00000) (1024K)]
  0x0000028a6b3b37d0 JavaThread "Driver Service Executor"    daemon [_thread_in_native, id=22760, stack(0x000000ab98c00000,0x000000ab98d00000) (1024K)]
  0x0000028a6b3b44f0 JavaThread "UrlChecker-5"               daemon [_thread_blocked, id=13148, stack(0x000000ab98d00000,0x000000ab98e00000) (1024K)]
  0x0000028a6b3b3e60 JavaThread "External Process Output Forwarder - C:\Users\ADMIN\.cache\selenium\chromedriver\win64\148.0.7778.178\chromedriver.exe" daemon [_thread_in_native, id=24480, stack(0x000000ab98e00000,0x000000ab98f00000) (1024K)]
  0x0000028a6b3b1700 JavaThread "Driver Service Executor"    daemon [_thread_blocked, id=14652, stack(0x000000ab98f00000,0x000000ab99000000) (1024K)]
  0x0000028a6b3b1070 JavaThread "Driver Service Executor"    daemon [_thread_in_native, id=31072, stack(0x000000ab99000000,0x000000ab99100000) (1024K)]
  0x0000028a6b3b4b80 JavaThread "UrlChecker-6"               daemon [_thread_blocked, id=23012, stack(0x000000ab99100000,0x000000ab99200000) (1024K)]
  0x0000028a6b3b5210 JavaThread "External Process Output Forwarder - C:\Users\ADMIN\.cache\selenium\chromedriver\win64\148.0.7778.178\chromedriver.exe" daemon [_thread_in_native, id=31048, stack(0x000000ab99200000,0x000000ab99300000) (1024K)]
  0x0000028a6b3b1d90 JavaThread "Driver Service Executor"    daemon [_thread_blocked, id=30056, stack(0x000000ab99300000,0x000000ab99400000) (1024K)]
  0x0000028a6b3b58a0 JavaThread "Driver Service Executor"    daemon [_thread_in_native, id=32360, stack(0x000000ab99400000,0x000000ab99500000) (1024K)]
  0x0000028a6b3b2ab0 JavaThread "UrlChecker-7"               daemon [_thread_blocked, id=11956, stack(0x000000ab99500000,0x000000ab99600000) (1024K)]
  0x0000028a6b3b3140 JavaThread "UrlChecker-8"               daemon [_thread_blocked, id=18872, stack(0x000000ab99900000,0x000000ab99a00000) (1024K)]
  0x0000028a6b3b6c50 JavaThread "External Process Output Forwarder - C:\Users\ADMIN\.cache\selenium\chromedriver\win64\148.0.7778.178\chromedriver.exe" daemon [_thread_in_native, id=26596, stack(0x000000ab99a00000,0x000000ab99b00000) (1024K)]
  0x0000028a6b3b72e0 JavaThread "Driver Service Executor"    daemon [_thread_blocked, id=14252, stack(0x000000ab99b00000,0x000000ab99c00000) (1024K)]
  0x0000028a6b3b7970 JavaThread "Driver Service Executor"    daemon [_thread_in_native, id=24212, stack(0x000000ab99c00000,0x000000ab99d00000) (1024K)]
  0x0000028a6b3b8000 JavaThread "UrlChecker-9"               daemon [_thread_blocked, id=18564, stack(0x000000ab99d00000,0x000000ab99e00000) (1024K)]
  0x0000028a6b3b8690 JavaThread "External Process Output Forwarder - C:\Users\ADMIN\.cache\selenium\chromedriver\win64\148.0.7778.178\chromedriver.exe" daemon [_thread_in_native, id=16556, stack(0x000000ab99e00000,0x000000ab99f00000) (1024K)]
  0x0000028a6d5be290 JavaThread "Driver Service Executor"    daemon [_thread_blocked, id=11604, stack(0x000000ab99f00000,0x000000ab9a000000) (1024K)]
  0x0000028a6d5bbb30 JavaThread "Driver Service Executor"    daemon [_thread_in_native, id=24424, stack(0x000000ab9a000000,0x000000ab9a100000) (1024K)]
  0x0000028a6d5be920 JavaThread "UrlChecker-10"              daemon [_thread_blocked, id=35360, stack(0x000000ab9a100000,0x000000ab9a200000) (1024K)]
  0x0000028a6d5bdc00 JavaThread "UrlChecker-11"              daemon [_thread_blocked, id=1624, stack(0x000000ab9a500000,0x000000ab9a600000) (1024K)]
  0x0000028a6d5bfcd0 JavaThread "Keep-Alive-Timer"           daemon [_thread_blocked, id=22412, stack(0x000000ab9a600000,0x000000ab9a700000) (1024K)]
  0x0000028a6d5bd570 JavaThread "JdkHttpClient-4-0"          daemon [_thread_blocked, id=25148, stack(0x000000ab9a800000,0x000000ab9a900000) (1024K)]
  0x0000028a6d5bc850 JavaThread "JdkHttpClient-2-0"          daemon [_thread_blocked, id=15056, stack(0x000000ab9a900000,0x000000ab9aa00000) (1024K)]
  0x0000028a6d5c0360 JavaThread "JdkHttpClient-7-0"          daemon [_thread_blocked, id=35588, stack(0x000000ab9aa00000,0x000000ab9ab00000) (1024K)]
  0x0000028a6d5bcee0 JavaThread "JdkHttpClient-1-0"          daemon [_thread_blocked, id=15588, stack(0x000000ab9ab00000,0x000000ab9ac00000) (1024K)]
  0x0000028a6d5c1080 JavaThread "JdkHttpClient-6-0"          daemon [_thread_blocked, id=8124, stack(0x000000ab9ac00000,0x000000ab9ad00000) (1024K)]
  0x0000028a6d5c09f0 JavaThread "JdkHttpClient-5-0"          daemon [_thread_blocked, id=13372, stack(0x000000ab9ad00000,0x000000ab9ae00000) (1024K)]
  0x0000028a6d5c1710 JavaThread "JdkHttpClient-0-0"          daemon [_thread_blocked, id=20896, stack(0x000000ab9ae00000,0x000000ab9af00000) (1024K)]
  0x0000028a6d5c2430 JavaThread "CompletableFutureDelayScheduler" daemon [_thread_blocked, id=34256, stack(0x000000ab9af00000,0x000000ab9b000000) (1024K)]
  0x0000028a6d5c2ac0 JavaThread "JdkHttpClient-9-0"          daemon [_thread_blocked, id=4028, stack(0x000000ab9b000000,0x000000ab9b100000) (1024K)]
  0x0000028a6d5c1da0 JavaThread "JdkHttpClient-3-0"          daemon [_thread_blocked, id=17840, stack(0x000000ab9b100000,0x000000ab9b200000) (1024K)]
  0x0000028a6d5c3150 JavaThread "JdkHttpClient-8-0"          daemon [_thread_blocked, id=9928, stack(0x000000ab9b200000,0x000000ab9b300000) (1024K)]
  0x0000028a698fef70 JavaThread "JdkHttpClient-5-1"          daemon [_thread_blocked, id=24904, stack(0x000000ab9b300000,0x000000ab9b400000) (1024K)]
  0x0000028a698ff600 JavaThread "JdkHttpClient-0-1"          daemon [_thread_blocked, id=14932, stack(0x000000ab9b400000,0x000000ab9b500000) (1024K)]
  0x0000028a69901040 JavaThread "JdkHttpClient-7-1"          daemon [_thread_blocked, id=33996, stack(0x000000ab9b500000,0x000000ab9b600000) (1024K)]
  0x0000028a698ffc90 JavaThread "JdkHttpClient-2-1"          daemon [_thread_blocked, id=25316, stack(0x000000ab9b600000,0x000000ab9b700000) (1024K)]
  0x0000028a69900320 JavaThread "JdkHttpClient-4-1"          daemon [_thread_blocked, id=17664, stack(0x000000ab9b700000,0x000000ab9b800000) (1024K)]
  0x0000028a699009b0 JavaThread "JdkHttpClient-6-1"          daemon [_thread_blocked, id=30944, stack(0x000000ab9b800000,0x000000ab9b900000) (1024K)]
  0x0000028a699016d0 JavaThread "JdkHttpClient-9-1"          daemon [_thread_blocked, id=28724, stack(0x000000ab9b900000,0x000000ab9ba00000) (1024K)]
  0x0000028a69901d60 JavaThread "JdkHttpClient-1-1"          daemon [_thread_blocked, id=34728, stack(0x000000ab9ba00000,0x000000ab9bb00000) (1024K)]
  0x0000028a699023f0 JavaThread "JdkHttpClient-8-1"          daemon [_thread_blocked, id=30812, stack(0x000000ab9bb00000,0x000000ab9bc00000) (1024K)]
  0x0000028a6928b3f0 JavaThread "JdkHttpClient-3-1"          daemon [_thread_blocked, id=21556, stack(0x000000ab9bc00000,0x000000ab9bd00000) (1024K)]
  0x0000028a6928ba80 JavaThread "JdkHttpClient-3-2"          daemon [_thread_blocked, id=3512, stack(0x000000ab9bd00000,0x000000ab9be00000) (1024K)]
  0x0000028a6928c110 JavaThread "JdkHttpClient-0-2"          daemon [_thread_blocked, id=16764, stack(0x000000ab9be00000,0x000000ab9bf00000) (1024K)]
  0x0000028a6928c7a0 JavaThread "JdkHttpClient-8-2"          daemon [_thread_blocked, id=31068, stack(0x000000ab9bf00000,0x000000ab9c000000) (1024K)]
  0x0000028a6928ce30 JavaThread "JdkHttpClient-6-2"          daemon [_thread_blocked, id=33732, stack(0x000000ab9c000000,0x000000ab9c100000) (1024K)]
  0x0000028a6928d4c0 JavaThread "JdkHttpClient-1-2"          daemon [_thread_blocked, id=12372, stack(0x000000ab9c100000,0x000000ab9c200000) (1024K)]
  0x0000028a6928e1e0 JavaThread "JdkHttpClient-9-2"          daemon [_thread_blocked, id=29896, stack(0x000000ab9c200000,0x000000ab9c300000) (1024K)]
  0x0000028a6928e870 JavaThread "JdkHttpClient-4-2"          daemon [_thread_blocked, id=24748, stack(0x000000ab9c300000,0x000000ab9c400000) (1024K)]
  0x0000028a6928db50 JavaThread "JdkHttpClient-2-2"          daemon [_thread_blocked, id=16844, stack(0x000000ab9c400000,0x000000ab9c500000) (1024K)]
  0x0000028a69b7a2d0 JavaThread "JdkHttpClient-7-2"          daemon [_thread_blocked, id=6860, stack(0x000000ab9c500000,0x000000ab9c600000) (1024K)]
  0x0000028a69b79c40 JavaThread "JdkHttpClient-5-2"          daemon [_thread_blocked, id=14088, stack(0x000000ab9c600000,0x000000ab9c700000) (1024K)]
  0x0000028a69b795b0 JavaThread "JdkHttpClient-7-3"          daemon [_thread_blocked, id=12716, stack(0x000000ab9c700000,0x000000ab9c800000) (1024K)]
  0x0000028a69b7b680 JavaThread "JdkHttpClient-5-3"          daemon [_thread_blocked, id=9700, stack(0x000000ab9c800000,0x000000ab9c900000) (1024K)]
Total: 95

Other Threads:
  0x0000028a64e89a90 VMThread "VM Thread"                           [id=11228, stack(0x000000ab95300000,0x000000ab95400000) (1024K)]
  0x0000028a64e74ac0 WatcherThread "VM Periodic Task Thread"        [id=16124, stack(0x000000ab95200000,0x000000ab95300000) (1024K)]
  0x0000028a4afd49a0 WorkerThread "GC Thread#0"                     [id=7476, stack(0x000000ab94d00000,0x000000ab94e00000) (1024K)]
  0x0000028a69ed2660 WorkerThread "GC Thread#1"                     [id=28456, stack(0x000000ab95f00000,0x000000ab96000000) (1024K)]
  0x0000028a69ed2a00 WorkerThread "GC Thread#2"                     [id=11384, stack(0x000000ab96200000,0x000000ab96300000) (1024K)]
  0x0000028a69ed2da0 WorkerThread "GC Thread#3"                     [id=9280, stack(0x000000ab96300000,0x000000ab96400000) (1024K)]
  0x0000028a69ef7dd0 WorkerThread "GC Thread#4"                     [id=12044, stack(0x000000ab96400000,0x000000ab96500000) (1024K)]
  0x0000028a69f04e40 WorkerThread "GC Thread#5"                     [id=23872, stack(0x000000ab96500000,0x000000ab96600000) (1024K)]
  0x0000028a69f03fc0 WorkerThread "GC Thread#6"                     [id=26464, stack(0x000000ab96600000,0x000000ab96700000) (1024K)]
  0x0000028a69f04360 WorkerThread "GC Thread#7"                     [id=16560, stack(0x000000ab96700000,0x000000ab96800000) (1024K)]
  0x0000028a4afe68f0 ConcurrentGCThread "G1 Main Marker"            [id=7828, stack(0x000000ab94e00000,0x000000ab94f00000) (1024K)]
  0x0000028a4afe7300 WorkerThread "G1 Conc#0"                       [id=33564, stack(0x000000ab94f00000,0x000000ab95000000) (1024K)]
  0x0000028a69bfacc0 WorkerThread "G1 Conc#1"                       [id=28220, stack(0x000000ab96a00000,0x000000ab96b00000) (1024K)]
  0x0000028a64d441a0 ConcurrentGCThread "G1 Refine#0"               [id=1776, stack(0x000000ab95000000,0x000000ab95100000) (1024K)]
  0x0000028a64d45ad0 ConcurrentGCThread "G1 Service"                [id=20784, stack(0x000000ab95100000,0x000000ab95200000) (1024K)]
Total: 15

Threads with active compile tasks:
Total: 0

VM state: not at safepoint (normal execution)

VM Mutex/Monitor currently owned by a thread:  ([mutex/lock_event])
[0x00007ff94c433458] Metaspace_lock - owner thread: 0x0000028a6c1df0f0

Heap address: 0x0000000082e00000, size: 2002 MB, Compressed Oops mode: 32-bit

CDS archive(s) mapped at: [0x0000028a00000000-0x0000028a00c80000-0x0000028a00c80000), size 13107200, SharedBaseAddress: 0x0000028a00000000, ArchiveRelocationMode: 1.
Compressed class space mapped at: 0x0000028a01000000-0x0000028a41000000, reserved size: 1073741824
Narrow klass base: 0x0000028a00000000, Narrow klass shift: 0, Narrow klass range: 0x100000000

GC Precious Log:
 CardTable entry size: 512
 Card Set container configuration: InlinePtr #cards 5 size 8 Array Of Cards #cards 12 size 40 Howl #buckets 4 coarsen threshold 1843 Howl Bitmap #cards 512 size 80 coarsen threshold 460 Card regions per heap region 1 cards per card region 2048
 CPUs: 8 total, 8 available
 Memory: 8005M
 Large Page Support: Disabled
 NUMA Support: Disabled
 Compressed Oops: Enabled (32-bit)
 Heap Region Size: 1M
 Heap Min Capacity: 8M
 Heap Initial Capacity: 126M
 Heap Max Capacity: 2002M
 Pre-touch: Disabled
 Parallel Workers: 8
 Concurrent Workers: 2
 Concurrent Refinement Workers: 8
 Periodic GC: Disabled

Heap:
 garbage-first heap   total 66560K, used 44686K [0x0000000082e00000, 0x0000000100000000)
  region size 1024K, 16 young (16384K), 3 survivors (3072K)
 Metaspace       used 44540K, committed 45568K, reserved 1114112K
  class space    used 6116K, committed 6592K, reserved 1048576K

Heap Regions: E=young(eden), S=young(survivor), O=old, HS=humongous(starts), HC=humongous(continues), CS=collection set, F=free, TAMS=top-at-mark-start, PB=parsable bottom
|   0|0x0000000082e00000, 0x0000000082f00000, 0x0000000082f00000|100%|HS|  |TAMS 0x0000000082e00000| PB 0x0000000082e00000| Complete 
|   1|0x0000000082f00000, 0x0000000083000000, 0x0000000083000000|100%|HS|  |TAMS 0x0000000082f00000| PB 0x0000000082f00000| Complete 
|   2|0x0000000083000000, 0x0000000083100000, 0x0000000083100000|100%| O|  |TAMS 0x0000000083000000| PB 0x0000000083000000| Untracked 
|   3|0x0000000083100000, 0x0000000083200000, 0x0000000083200000|100%| O|  |TAMS 0x0000000083100000| PB 0x0000000083100000| Untracked 
|   4|0x0000000083200000, 0x0000000083300000, 0x0000000083300000|100%| O|  |TAMS 0x0000000083200000| PB 0x0000000083200000| Untracked 
|   5|0x0000000083300000, 0x0000000083400000, 0x0000000083400000|100%| O|  |TAMS 0x0000000083300000| PB 0x0000000083300000| Untracked 
|   6|0x0000000083400000, 0x0000000083500000, 0x0000000083500000|100%| O|  |TAMS 0x0000000083400000| PB 0x0000000083400000| Untracked 
|   7|0x0000000083500000, 0x0000000083600000, 0x0000000083600000|100%| O|  |TAMS 0x0000000083500000| PB 0x0000000083500000| Untracked 
|   8|0x0000000083600000, 0x0000000083700000, 0x0000000083700000|100%| O|  |TAMS 0x0000000083600000| PB 0x0000000083600000| Untracked 
|   9|0x0000000083700000, 0x0000000083800000, 0x0000000083800000|100%| O|  |TAMS 0x0000000083700000| PB 0x0000000083700000| Untracked 
|  10|0x0000000083800000, 0x0000000083900000, 0x0000000083900000|100%| O|  |TAMS 0x0000000083800000| PB 0x0000000083800000| Untracked 
|  11|0x0000000083900000, 0x0000000083a00000, 0x0000000083a00000|100%| O|  |TAMS 0x0000000083900000| PB 0x0000000083900000| Untracked 
|  12|0x0000000083a00000, 0x0000000083b00000, 0x0000000083b00000|100%| O|  |TAMS 0x0000000083a00000| PB 0x0000000083a00000| Untracked 
|  13|0x0000000083b00000, 0x0000000083c00000, 0x0000000083c00000|100%| O|  |TAMS 0x0000000083b00000| PB 0x0000000083b00000| Untracked 
|  14|0x0000000083c00000, 0x0000000083d00000, 0x0000000083d00000|100%| O|  |TAMS 0x0000000083c00000| PB 0x0000000083c00000| Untracked 
|  15|0x0000000083d00000, 0x0000000083e00000, 0x0000000083e00000|100%| O|  |TAMS 0x0000000083d00000| PB 0x0000000083d00000| Untracked 
|  16|0x0000000083e00000, 0x0000000083f00000, 0x0000000083f00000|100%| O|  |TAMS 0x0000000083e00000| PB 0x0000000083e00000| Untracked 
|  17|0x0000000083f00000, 0x0000000084000000, 0x0000000084000000|100%| O|  |TAMS 0x0000000083f00000| PB 0x0000000083f00000| Untracked 
|  18|0x0000000084000000, 0x0000000084100000, 0x0000000084100000|100%| O|  |TAMS 0x0000000084000000| PB 0x0000000084000000| Untracked 
|  19|0x0000000084100000, 0x0000000084200000, 0x0000000084200000|100%| O|  |TAMS 0x0000000084100000| PB 0x0000000084100000| Untracked 
|  20|0x0000000084200000, 0x0000000084300000, 0x0000000084300000|100%| O|  |TAMS 0x0000000084200000| PB 0x0000000084200000| Untracked 
|  21|0x0000000084300000, 0x0000000084300000, 0x0000000084400000|  0%| F|  |TAMS 0x0000000084300000| PB 0x0000000084300000| Untracked 
|  22|0x0000000084400000, 0x0000000084500000, 0x0000000084500000|100%| O|  |TAMS 0x0000000084400000| PB 0x0000000084400000| Untracked 
|  23|0x0000000084500000, 0x0000000084600000, 0x0000000084600000|100%| O|  |TAMS 0x0000000084500000| PB 0x0000000084500000| Untracked 
|  24|0x0000000084600000, 0x0000000084700000, 0x0000000084700000|100%| O|  |TAMS 0x0000000084600000| PB 0x0000000084600000| Untracked 
|  25|0x0000000084700000, 0x0000000084800000, 0x0000000084800000|100%| O|  |TAMS 0x0000000084700000| PB 0x0000000084700000| Untracked 
|  26|0x0000000084800000, 0x0000000084900000, 0x0000000084900000|100%| O|  |TAMS 0x0000000084800000| PB 0x0000000084800000| Untracked 
|  27|0x0000000084900000, 0x0000000084a00000, 0x0000000084a00000|100%| O|  |TAMS 0x0000000084900000| PB 0x0000000084900000| Untracked 
|  28|0x0000000084a00000, 0x0000000084b00000, 0x0000000084b00000|100%| O|  |TAMS 0x0000000084a00000| PB 0x0000000084a00000| Untracked 
|  29|0x0000000084b00000, 0x0000000084c00000, 0x0000000084c00000|100%| O|  |TAMS 0x0000000084b00000| PB 0x0000000084b00000| Untracked 
|  30|0x0000000084c00000, 0x0000000084d00000, 0x0000000084d00000|100%| O|  |TAMS 0x0000000084c00000| PB 0x0000000084c00000| Untracked 
|  31|0x0000000084d00000, 0x0000000084d51870, 0x0000000084e00000| 31%| O|  |TAMS 0x0000000084d00000| PB 0x0000000084d00000| Untracked 
|  32|0x0000000084e00000, 0x0000000084e00000, 0x0000000084f00000|  0%| F|  |TAMS 0x0000000084e00000| PB 0x0000000084e00000| Untracked 
|  33|0x0000000084f00000, 0x0000000084f00000, 0x0000000085000000|  0%| F|  |TAMS 0x0000000084f00000| PB 0x0000000084f00000| Untracked 
|  34|0x0000000085000000, 0x0000000085000000, 0x0000000085100000|  0%| F|  |TAMS 0x0000000085000000| PB 0x0000000085000000| Untracked 
|  35|0x0000000085100000, 0x0000000085100000, 0x0000000085200000|  0%| F|  |TAMS 0x0000000085100000| PB 0x0000000085100000| Untracked 
|  36|0x0000000085200000, 0x0000000085200000, 0x0000000085300000|  0%| F|  |TAMS 0x0000000085200000| PB 0x0000000085200000| Untracked 
|  37|0x0000000085300000, 0x0000000085300000, 0x0000000085400000|  0%| F|  |TAMS 0x0000000085300000| PB 0x0000000085300000| Untracked 
|  38|0x0000000085400000, 0x0000000085400000, 0x0000000085500000|  0%| F|  |TAMS 0x0000000085400000| PB 0x0000000085400000| Untracked 
|  39|0x0000000085500000, 0x0000000085500000, 0x0000000085600000|  0%| F|  |TAMS 0x0000000085500000| PB 0x0000000085500000| Untracked 
|  40|0x0000000085600000, 0x0000000085652260, 0x0000000085700000| 32%| S|CS|TAMS 0x0000000085600000| PB 0x0000000085600000| Complete 
|  41|0x0000000085700000, 0x0000000085800000, 0x0000000085800000|100%| S|CS|TAMS 0x0000000085700000| PB 0x0000000085700000| Complete 
|  42|0x0000000085800000, 0x0000000085900000, 0x0000000085900000|100%| S|CS|TAMS 0x0000000085800000| PB 0x0000000085800000| Complete 
|  43|0x0000000085900000, 0x0000000085900000, 0x0000000085a00000|  0%| F|  |TAMS 0x0000000085900000| PB 0x0000000085900000| Untracked 
|  44|0x0000000085a00000, 0x0000000085a00000, 0x0000000085b00000|  0%| F|  |TAMS 0x0000000085a00000| PB 0x0000000085a00000| Untracked 
|  45|0x0000000085b00000, 0x0000000085b00000, 0x0000000085c00000|  0%| F|  |TAMS 0x0000000085b00000| PB 0x0000000085b00000| Untracked 
|  46|0x0000000085c00000, 0x0000000085c00000, 0x0000000085d00000|  0%| F|  |TAMS 0x0000000085c00000| PB 0x0000000085c00000| Untracked 
|  47|0x0000000085d00000, 0x0000000085d00000, 0x0000000085e00000|  0%| F|  |TAMS 0x0000000085d00000| PB 0x0000000085d00000| Untracked 
|  48|0x0000000085e00000, 0x0000000085e00000, 0x0000000085f00000|  0%| F|  |TAMS 0x0000000085e00000| PB 0x0000000085e00000| Untracked 
|  49|0x0000000085f00000, 0x0000000085f00000, 0x0000000086000000|  0%| F|  |TAMS 0x0000000085f00000| PB 0x0000000085f00000| Untracked 
|  50|0x0000000086000000, 0x0000000086000000, 0x0000000086100000|  0%| F|  |TAMS 0x0000000086000000| PB 0x0000000086000000| Untracked 
|  51|0x0000000086100000, 0x0000000086100000, 0x0000000086200000|  0%| F|  |TAMS 0x0000000086100000| PB 0x0000000086100000| Untracked 
|  52|0x0000000086200000, 0x00000000862c7578, 0x0000000086300000| 77%| E|  |TAMS 0x0000000086200000| PB 0x0000000086200000| Complete 
|  53|0x0000000086300000, 0x0000000086400000, 0x0000000086400000|100%| E|CS|TAMS 0x0000000086300000| PB 0x0000000086300000| Complete 
|  54|0x0000000086400000, 0x0000000086500000, 0x0000000086500000|100%| E|CS|TAMS 0x0000000086400000| PB 0x0000000086400000| Complete 
|  55|0x0000000086500000, 0x0000000086600000, 0x0000000086600000|100%| E|CS|TAMS 0x0000000086500000| PB 0x0000000086500000| Complete 
|  56|0x0000000086600000, 0x0000000086700000, 0x0000000086700000|100%| E|CS|TAMS 0x0000000086600000| PB 0x0000000086600000| Complete 
|  57|0x0000000086700000, 0x0000000086800000, 0x0000000086800000|100%| E|  |TAMS 0x0000000086700000| PB 0x0000000086700000| Complete 
|  58|0x0000000086800000, 0x0000000086900000, 0x0000000086900000|100%| E|CS|TAMS 0x0000000086800000| PB 0x0000000086800000| Complete 
|  79|0x0000000087d00000, 0x0000000087e00000, 0x0000000087e00000|100%| E|CS|TAMS 0x0000000087d00000| PB 0x0000000087d00000| Complete 
|  80|0x0000000087e00000, 0x0000000087f00000, 0x0000000087f00000|100%| E|CS|TAMS 0x0000000087e00000| PB 0x0000000087e00000| Complete 
|  81|0x0000000087f00000, 0x0000000088000000, 0x0000000088000000|100%| E|CS|TAMS 0x0000000087f00000| PB 0x0000000087f00000| Complete 
|  82|0x0000000088000000, 0x0000000088100000, 0x0000000088100000|100%| E|CS|TAMS 0x0000000088000000| PB 0x0000000088000000| Complete 
|  83|0x0000000088100000, 0x0000000088200000, 0x0000000088200000|100%| E|CS|TAMS 0x0000000088100000| PB 0x0000000088100000| Complete 
| 125|0x000000008ab00000, 0x000000008ac00000, 0x000000008ac00000|100%| E|CS|TAMS 0x000000008ab00000| PB 0x000000008ab00000| Complete 

Card table byte_map: [0x0000028a600a0000,0x0000028a60490000] _byte_map_base: 0x0000028a5fc89000

Marking Bits: (CMBitMap*) 0x0000028a4afd4fb0
 Bits: [0x0000028a60490000, 0x0000028a623d8000)

Polling page: 0x0000028a4b040000

Metaspace:

Usage:
  Non-class:     37.52 MB used.
      Class:      5.97 MB used.
       Both:     43.50 MB used.

Virtual space:
  Non-class space:       64.00 MB reserved,      38.06 MB ( 59%) committed,  1 nodes.
      Class space:        1.00 GB reserved,       6.44 MB ( <1%) committed,  1 nodes.
             Both:        1.06 GB reserved,      44.50 MB (  4%) committed. 

Chunk freelists:
   Non-Class:  9.42 MB
       Class:  9.53 MB
        Both:  18.95 MB

MaxMetaspaceSize: unlimited
CompressedClassSpaceSize: 1.00 GB
Initial GC threshold: 21.00 MB
Current GC threshold: 58.75 MB
CDS: on
 - commit_granule_bytes: 65536.
 - commit_granule_words: 8192.
 - virtual_space_node_default_size: 8388608.
 - enlarge_chunks_in_place: 1.
 - use_allocation_guard: 0.


Internal statistics:

num_allocs_failed_limit: 6.
num_arena_births: 1590.
num_arena_deaths: 94.
num_vsnodes_births: 2.
num_vsnodes_deaths: 0.
num_space_committed: 712.
num_space_uncommitted: 0.
num_chunks_returned_to_freelist: 146.
num_chunks_taken_from_freelist: 3466.
num_chunk_merges: 63.
num_chunk_splits: 2131.
num_chunks_enlarged: 1123.
num_inconsistent_stats: 0.

CodeHeap 'non-profiled nmethods': size=120000Kb used=2561Kb max_used=2561Kb free=117438Kb
 bounds [0x0000028a57d20000, 0x0000028a57fb0000, 0x0000028a5f250000]
CodeHeap 'profiled nmethods': size=120000Kb used=8948Kb max_used=8948Kb free=111051Kb
 bounds [0x0000028a50250000, 0x0000028a50b10000, 0x0000028a57780000]
CodeHeap 'non-nmethods': size=5760Kb used=1615Kb max_used=1650Kb free=4144Kb
 bounds [0x0000028a57780000, 0x0000028a579f0000, 0x0000028a57d20000]
CodeCache: size=245760Kb, used=13124Kb, max_used=13159Kb, free=232633Kb
 total_blobs=5473, nmethods=4810, adapters=566, full_count=0
Compilation: enabled, stopped_count=0, restarted_count=0

Compilation events (20 events):
Event: 13.489 Thread 0x0000028a64ec9810 5127       3       java.util.Collections$UnmodifiableMap$UnmodifiableEntrySet$UnmodifiableEntry::getValue (10 bytes)
Event: 13.489 Thread 0x0000028a64ec9810 nmethod 5127 0x0000028a50b06910 code [0x0000028a50b06ac0, 0x0000028a50b06c98]
Event: 13.490 Thread 0x0000028a64ec9810 5128       3       java.util.Formatter$FormatSpecifier::<init> (68 bytes)
Event: 13.490 Thread 0x0000028a64ec9810 nmethod 5128 0x0000028a50b06d90 code [0x0000028a50b06fa0, 0x0000028a50b07608]
Event: 13.496 Thread 0x0000028a64ec9810 5129       3       java.util.Formatter$FormatSpecifier::printString (97 bytes)
Event: 13.499 Thread 0x0000028a64ec9810 nmethod 5129 0x0000028a50b07890 code [0x0000028a50b07b60, 0x0000028a50b08a18]
Event: 13.499 Thread 0x0000028a64ec9810 5130       3       java.util.Formatter$FormatSpecifier::print (57 bytes)
Event: 13.501 Thread 0x0000028a64ec9810 nmethod 5130 0x0000028a50b08f10 code [0x0000028a50b09180, 0x0000028a50b09b30]
Event: 13.506 Thread 0x0000028a64ec3390 5131       4       java.util.ImmutableCollections$Set12$1::hasNext (13 bytes)
Event: 13.507 Thread 0x0000028a64ec3390 nmethod 5131 0x0000028a57f9e890 code [0x0000028a57f9ea20, 0x0000028a57f9eab8]
Event: 13.523 Thread 0x0000028a64ec3390 5132   !   4       java.lang.invoke.MemberName$Factory::resolve (159 bytes)
Event: 13.553 Thread 0x0000028a64ec9810 5133       3       java.lang.String::split (8 bytes)
Event: 13.553 Thread 0x0000028a64ec9810 nmethod 5133 0x0000028a50b09f10 code [0x0000028a50b0a0c0, 0x0000028a50b0a208]
Event: 13.554 Thread 0x0000028a64ec9810 5134       3       java.lang.String::split (148 bytes)
Event: 13.564 Thread 0x0000028a64ec9810 nmethod 5134 0x0000028a50b0a290 code [0x0000028a50b0a600, 0x0000028a50b0bc30]
Event: 13.564 Thread 0x0000028a64ec9810 5135       3       java.util.IdentityHashMap::nextKeyIndex (15 bytes)
Event: 13.564 Thread 0x0000028a64ec9810 nmethod 5135 0x0000028a50b0c410 code [0x0000028a50b0c5a0, 0x0000028a50b0c6d8]
Event: 13.573 Thread 0x0000028a64ec3390 nmethod 5132 0x0000028a57f9eb90 code [0x0000028a57f9ee60, 0x0000028a57f9fc28]
Event: 13.612 Thread 0x0000028a64ec9810 5136       3       java.nio.HeapByteBuffer::getShort (29 bytes)
Event: 13.613 Thread 0x0000028a64ec9810 nmethod 5136 0x0000028a50b0c790 code [0x0000028a50b0c9e0, 0x0000028a50b0d2d0]

GC Heap History (20 events):
Event: 1.710 GC heap before
{Heap before GC invocations=0 (full 0):
 garbage-first heap   total 129024K, used 24576K [0x0000000082e00000, 0x0000000100000000)
  region size 1024K, 23 young (23552K), 0 survivors (0K)
 Metaspace       used 6449K, committed 6592K, reserved 1114112K
  class space    used 644K, committed 704K, reserved 1048576K
}
Event: 1.719 GC heap after
{Heap after GC invocations=1 (full 0):
 garbage-first heap   total 129024K, used 10007K [0x0000000082e00000, 0x0000000100000000)
  region size 1024K, 3 young (3072K), 3 survivors (3072K)
 Metaspace       used 6449K, committed 6592K, reserved 1114112K
  class space    used 644K, committed 704K, reserved 1048576K
}
Event: 2.862 GC heap before
{Heap before GC invocations=1 (full 0):
 garbage-first heap   total 129024K, used 37655K [0x0000000082e00000, 0x0000000100000000)
  region size 1024K, 30 young (30720K), 3 survivors (3072K)
 Metaspace       used 13106K, committed 13440K, reserved 1114112K
  class space    used 1523K, committed 1664K, reserved 1048576K
}
Event: 2.871 GC heap after
{Heap after GC invocations=2 (full 0):
 garbage-first heap   total 129024K, used 12823K [0x0000000082e00000, 0x0000000100000000)
  region size 1024K, 3 young (3072K), 3 survivors (3072K)
 Metaspace       used 13106K, committed 13440K, reserved 1114112K
  class space    used 1523K, committed 1664K, reserved 1048576K
}
Event: 4.446 GC heap before
{Heap before GC invocations=2 (full 0):
 garbage-first heap   total 129024K, used 50711K [0x0000000082e00000, 0x0000000100000000)
  region size 1024K, 42 young (43008K), 3 survivors (3072K)
 Metaspace       used 21159K, committed 21504K, reserved 1114112K
  class space    used 2486K, committed 2688K, reserved 1048576K
}
Event: 4.455 GC heap after
{Heap after GC invocations=3 (full 0):
 garbage-first heap   total 129024K, used 14865K [0x0000000082e00000, 0x0000000100000000)
  region size 1024K, 5 young (5120K), 5 survivors (5120K)
 Metaspace       used 21159K, committed 21504K, reserved 1114112K
  class space    used 2486K, committed 2688K, reserved 1048576K
}
Event: 5.277 GC heap before
{Heap before GC invocations=4 (full 0):
 garbage-first heap   total 55296K, used 42513K [0x0000000082e00000, 0x0000000100000000)
  region size 1024K, 32 young (32768K), 5 survivors (5120K)
 Metaspace       used 23804K, committed 24256K, reserved 1114112K
  class space    used 2945K, committed 3136K, reserved 1048576K
}
Event: 5.288 GC heap after
{Heap after GC invocations=5 (full 0):
 garbage-first heap   total 55296K, used 17720K [0x0000000082e00000, 0x0000000100000000)
  region size 1024K, 3 young (3072K), 3 survivors (3072K)
 Metaspace       used 23804K, committed 24256K, reserved 1114112K
  class space    used 2945K, committed 3136K, reserved 1048576K
}
Event: 5.487 GC heap before
{Heap before GC invocations=5 (full 0):
 garbage-first heap   total 55296K, used 40248K [0x0000000082e00000, 0x0000000100000000)
  region size 1024K, 25 young (25600K), 3 survivors (3072K)
 Metaspace       used 23929K, committed 24384K, reserved 1114112K
  class space    used 2951K, committed 3136K, reserved 1048576K
}
Event: 5.494 GC heap after
{Heap after GC invocations=6 (full 0):
 garbage-first heap   total 55296K, used 19982K [0x0000000082e00000, 0x0000000100000000)
  region size 1024K, 3 young (3072K), 3 survivors (3072K)
 Metaspace       used 23929K, committed 24384K, reserved 1114112K
  class space    used 2951K, committed 3136K, reserved 1048576K
}
Event: 6.456 GC heap before
{Heap before GC invocations=6 (full 0):
 garbage-first heap   total 55296K, used 42510K [0x0000000082e00000, 0x0000000100000000)
  region size 1024K, 25 young (25600K), 3 survivors (3072K)
 Metaspace       used 28426K, committed 28992K, reserved 1114112K
  class space    used 3583K, committed 3840K, reserved 1048576K
}
Event: 6.466 GC heap after
{Heap after GC invocations=7 (full 0):
 garbage-first heap   total 55296K, used 22208K [0x0000000082e00000, 0x0000000100000000)
  region size 1024K, 2 young (2048K), 2 survivors (2048K)
 Metaspace       used 28426K, committed 28992K, reserved 1114112K
  class space    used 3583K, committed 3840K, reserved 1048576K
}
Event: 7.543 GC heap before
{Heap before GC invocations=7 (full 0):
 garbage-first heap   total 55296K, used 43712K [0x0000000082e00000, 0x0000000100000000)
  region size 1024K, 24 young (24576K), 2 survivors (2048K)
 Metaspace       used 33675K, committed 34368K, reserved 1114112K
  class space    used 4187K, committed 4480K, reserved 1048576K
}
Event: 7.555 GC heap after
{Heap after GC invocations=8 (full 0):
 garbage-first heap   total 55296K, used 26863K [0x0000000082e00000, 0x0000000100000000)
  region size 1024K, 3 young (3072K), 3 survivors (3072K)
 Metaspace       used 33675K, committed 34368K, reserved 1114112K
  class space    used 4187K, committed 4480K, reserved 1048576K
}
Event: 7.856 GC heap before
{Heap before GC invocations=8 (full 0):
 garbage-first heap   total 55296K, used 33007K [0x0000000082e00000, 0x0000000100000000)
  region size 1024K, 10 young (10240K), 3 survivors (3072K)
 Metaspace       used 35266K, committed 35968K, reserved 1114112K
  class space    used 4375K, committed 4736K, reserved 1048576K
}
Event: 7.861 GC heap after
{Heap after GC invocations=9 (full 0):
 garbage-first heap   total 66560K, used 26970K [0x0000000082e00000, 0x0000000100000000)
  region size 1024K, 2 young (2048K), 2 survivors (2048K)
 Metaspace       used 35266K, committed 35968K, reserved 1114112K
  class space    used 4375K, committed 4736K, reserved 1048576K
}
Event: 8.712 GC heap before
{Heap before GC invocations=10 (full 0):
 garbage-first heap   total 66560K, used 51546K [0x0000000082e00000, 0x0000000100000000)
  region size 1024K, 27 young (27648K), 2 survivors (2048K)
 Metaspace       used 37152K, committed 37888K, reserved 1114112K
  class space    used 4631K, committed 4928K, reserved 1048576K
}
Event: 8.720 GC heap after
{Heap after GC invocations=11 (full 0):
 garbage-first heap   total 66560K, used 31404K [0x0000000082e00000, 0x0000000100000000)
  region size 1024K, 4 young (4096K), 4 survivors (4096K)
 Metaspace       used 37152K, committed 37888K, reserved 1114112K
  class space    used 4631K, committed 4928K, reserved 1048576K
}
Event: 12.187 GC heap before
{Heap before GC invocations=11 (full 0):
 garbage-first heap   total 66560K, used 52908K [0x0000000082e00000, 0x0000000100000000)
  region size 1024K, 26 young (26624K), 4 survivors (4096K)
 Metaspace       used 41975K, committed 42944K, reserved 1114112K
  class space    used 5569K, committed 6016K, reserved 1048576K
}
Event: 12.202 GC heap after
{Heap after GC invocations=12 (full 0):
 garbage-first heap   total 66560K, used 33422K [0x0000000082e00000, 0x0000000100000000)
  region size 1024K, 3 young (3072K), 3 survivors (3072K)
 Metaspace       used 41975K, committed 42944K, reserved 1114112K
  class space    used 5569K, committed 6016K, reserved 1048576K
}

Dll operation events (11 events):
Event: 0.021 Loaded shared library C:\Users\ADMIN\.p2\pool\plugins\org.eclipse.justj.openjdk.hotspot.jre.full.win32.x86_64_21.0.8.v20250724-1412\jre\bin\java.dll
Event: 0.081 Loaded shared library C:\Users\ADMIN\.p2\pool\plugins\org.eclipse.justj.openjdk.hotspot.jre.full.win32.x86_64_21.0.8.v20250724-1412\jre\bin\zip.dll
Event: 0.287 Loaded shared library C:\Users\ADMIN\.p2\pool\plugins\org.eclipse.justj.openjdk.hotspot.jre.full.win32.x86_64_21.0.8.v20250724-1412\jre\bin\net.dll
Event: 0.292 Loaded shared library C:\Users\ADMIN\.p2\pool\plugins\org.eclipse.justj.openjdk.hotspot.jre.full.win32.x86_64_21.0.8.v20250724-1412\jre\bin\nio.dll
Event: 0.303 Loaded shared library C:\Users\ADMIN\.p2\pool\plugins\org.eclipse.justj.openjdk.hotspot.jre.full.win32.x86_64_21.0.8.v20250724-1412\jre\bin\zip.dll
Event: 0.717 Loaded shared library C:\Users\ADMIN\.p2\pool\plugins\org.eclipse.justj.openjdk.hotspot.jre.full.win32.x86_64_21.0.8.v20250724-1412\jre\bin\jimage.dll
Event: 1.026 Loaded shared library C:\Users\ADMIN\.p2\pool\plugins\org.eclipse.justj.openjdk.hotspot.jre.full.win32.x86_64_21.0.8.v20250724-1412\jre\bin\extnet.dll
Event: 5.590 Loaded shared library C:\Users\ADMIN\.p2\pool\plugins\org.eclipse.justj.openjdk.hotspot.jre.full.win32.x86_64_21.0.8.v20250724-1412\jre\bin\verify.dll
Event: 5.847 Loaded shared library C:\Users\ADMIN\.p2\pool\plugins\org.eclipse.justj.openjdk.hotspot.jre.full.win32.x86_64_21.0.8.v20250724-1412\jre\bin\management.dll
Event: 5.857 Loaded shared library C:\Users\ADMIN\.p2\pool\plugins\org.eclipse.justj.openjdk.hotspot.jre.full.win32.x86_64_21.0.8.v20250724-1412\jre\bin\management_ext.dll
Event: 7.312 Loaded shared library C:\Users\ADMIN\.p2\pool\plugins\org.eclipse.justj.openjdk.hotspot.jre.full.win32.x86_64_21.0.8.v20250724-1412\jre\bin\sunmscapi.dll

Deoptimization events (20 events):
Event: 13.446 Thread 0x0000028a6c1df0f0 Uncommon trap: trap_request=0xffffff45 fr.pc=0x0000028a57e93dc8 relative=0x00000000000000a8
Event: 13.446 Thread 0x0000028a6c1df0f0 Uncommon trap: reason=unstable_if action=reinterpret pc=0x0000028a57e93dc8 method=java.util.regex.Pattern.lambda$DOT$11(I)Z @ 9 c2
Event: 13.446 Thread 0x0000028a6c1df0f0 DEOPT PACKING pc=0x0000028a57e93dc8 sp=0x000000ab973fdba0
Event: 13.446 Thread 0x0000028a6c1df0f0 DEOPT UNPACKING pc=0x0000028a577d46a2 sp=0x000000ab973fdac8 mode 2
Event: 13.478 Thread 0x0000028a6aae7250 Uncommon trap: trap_request=0xffffffc6 fr.pc=0x0000028a57f7d4ec relative=0x00000000000000ac
Event: 13.478 Thread 0x0000028a6aae7250 Uncommon trap: reason=bimorphic_or_optimized_type_check action=maybe_recompile pc=0x0000028a57f7d4ec method=java.util.stream.StreamOpFlag.fromCharacteristics(Ljava/util/Spliterator;)I @ 14 c2
Event: 13.478 Thread 0x0000028a6aae7250 DEOPT PACKING pc=0x0000028a57f7d4ec sp=0x000000ab96dfd620
Event: 13.478 Thread 0x0000028a6aae7250 DEOPT UNPACKING pc=0x0000028a577d46a2 sp=0x000000ab96dfd5b8 mode 2
Event: 13.478 Thread 0x0000028a6aae7250 Uncommon trap: trap_request=0xffffffc6 fr.pc=0x0000028a57f7d4ec relative=0x00000000000000ac
Event: 13.478 Thread 0x0000028a6aae7250 Uncommon trap: reason=bimorphic_or_optimized_type_check action=maybe_recompile pc=0x0000028a57f7d4ec method=java.util.stream.StreamOpFlag.fromCharacteristics(Ljava/util/Spliterator;)I @ 14 c2
Event: 13.478 Thread 0x0000028a6aae7250 DEOPT PACKING pc=0x0000028a57f7d4ec sp=0x000000ab96dfd220
Event: 13.478 Thread 0x0000028a6aae7250 DEOPT UNPACKING pc=0x0000028a577d46a2 sp=0x000000ab96dfd1b8 mode 2
Event: 13.488 Thread 0x0000028a6c0c0110 Uncommon trap: trap_request=0xffffffc6 fr.pc=0x0000028a57f7d4ec relative=0x00000000000000ac
Event: 13.488 Thread 0x0000028a6c0c0110 Uncommon trap: reason=bimorphic_or_optimized_type_check action=maybe_recompile pc=0x0000028a57f7d4ec method=java.util.stream.StreamOpFlag.fromCharacteristics(Ljava/util/Spliterator;)I @ 14 c2
Event: 13.488 Thread 0x0000028a6c0c0110 DEOPT PACKING pc=0x0000028a57f7d4ec sp=0x000000ab971fd8f0
Event: 13.489 Thread 0x0000028a6c0c0110 DEOPT UNPACKING pc=0x0000028a577d46a2 sp=0x000000ab971fd888 mode 2
Event: 13.616 Thread 0x0000028a6c1df0f0 Uncommon trap: trap_request=0xffffffcc fr.pc=0x0000028a57f6e578 relative=0x00000000000002b8
Event: 13.616 Thread 0x0000028a6c1df0f0 Uncommon trap: reason=intrinsic_or_type_checked_inlining action=make_not_entrant pc=0x0000028a57f6e578 method=java.util.ArrayList.toArray([Ljava/lang/Object;)[Ljava/lang/Object; @ 36 c2
Event: 13.617 Thread 0x0000028a6c1df0f0 DEOPT PACKING pc=0x0000028a57f6e578 sp=0x000000ab973fcc70
Event: 13.617 Thread 0x0000028a6c1df0f0 DEOPT UNPACKING pc=0x0000028a577d46a2 sp=0x000000ab973fcc10 mode 2

Classes loaded (20 events):
Event: 13.104 Loading class java/util/concurrent/CompletableFuture$MinimalStage
Event: 13.104 Loading class java/util/concurrent/CompletableFuture$MinimalStage done
Event: 13.339 Loading class sun/net/ConnectionResetException
Event: 13.339 Loading class sun/net/ConnectionResetException done
Event: 13.340 Loading class java/lang/StackTraceElement$HashedModules
Event: 13.340 Loading class java/lang/StackTraceElement$HashedModules done
Event: 13.342 Loading class sun/net/www/protocol/http/HttpURLConnection$10
Event: 13.343 Loading class sun/net/www/protocol/http/HttpURLConnection$10 done
Event: 13.415 Loading class java/util/TreeMap$EntrySpliterator
Event: 13.416 Loading class java/util/TreeMap$EntrySpliterator done
Event: 13.422 Loading class java/lang/invoke/WrongMethodTypeException
Event: 13.425 Loading class java/lang/invoke/WrongMethodTypeException done
Event: 13.442 Loading class java/lang/Throwable$WrappedPrintWriter
Event: 13.445 Loading class java/lang/Throwable$PrintStreamOrWriter
Event: 13.445 Loading class java/lang/Throwable$PrintStreamOrWriter done
Event: 13.445 Loading class java/lang/Throwable$WrappedPrintWriter done
Event: 13.525 Loading class sun/nio/fs/WindowsPath$1
Event: 13.525 Loading class sun/nio/fs/WindowsPath$1 done
Event: 13.611 Loading class java/lang/FunctionalInterface
Event: 13.612 Loading class java/lang/FunctionalInterface done

Classes unloaded (20 events):
Event: 7.896 Thread 0x0000028a64e89a90 Unloading class 0x0000028a012db800 'java/lang/invoke/LambdaForm$DMH+0x0000028a012db800'
Event: 7.896 Thread 0x0000028a64e89a90 Unloading class 0x0000028a012db400 'java/lang/invoke/LambdaForm$DMH+0x0000028a012db400'
Event: 7.896 Thread 0x0000028a64e89a90 Unloading class 0x0000028a012db000 'java/lang/invoke/LambdaForm$DMH+0x0000028a012db000'
Event: 7.896 Thread 0x0000028a64e89a90 Unloading class 0x0000028a012dac00 'java/lang/invoke/LambdaForm$DMH+0x0000028a012dac00'
Event: 7.896 Thread 0x0000028a64e89a90 Unloading class 0x0000028a012da800 'java/lang/invoke/LambdaForm$DMH+0x0000028a012da800'
Event: 7.896 Thread 0x0000028a64e89a90 Unloading class 0x0000028a012da400 'java/lang/invoke/LambdaForm$DMH+0x0000028a012da400'
Event: 7.896 Thread 0x0000028a64e89a90 Unloading class 0x0000028a012d9c00 'java/lang/invoke/LambdaForm$DMH+0x0000028a012d9c00'
Event: 7.896 Thread 0x0000028a64e89a90 Unloading class 0x0000028a012d9800 'java/lang/invoke/LambdaForm$DMH+0x0000028a012d9800'
Event: 7.896 Thread 0x0000028a64e89a90 Unloading class 0x0000028a012d9400 'java/lang/invoke/LambdaForm$DMH+0x0000028a012d9400'
Event: 7.896 Thread 0x0000028a64e89a90 Unloading class 0x0000028a012d9000 'java/lang/invoke/LambdaForm$DMH+0x0000028a012d9000'
Event: 7.896 Thread 0x0000028a64e89a90 Unloading class 0x0000028a012d8c00 'java/lang/invoke/LambdaForm$DMH+0x0000028a012d8c00'
Event: 7.896 Thread 0x0000028a64e89a90 Unloading class 0x0000028a012d8800 'java/lang/invoke/LambdaForm$DMH+0x0000028a012d8800'
Event: 7.896 Thread 0x0000028a64e89a90 Unloading class 0x0000028a012d8000 'java/lang/invoke/LambdaForm$DMH+0x0000028a012d8000'
Event: 7.896 Thread 0x0000028a64e89a90 Unloading class 0x0000028a012c0400 'java/lang/invoke/LambdaForm$MH+0x0000028a012c0400'
Event: 7.896 Thread 0x0000028a64e89a90 Unloading class 0x0000028a012c0000 'java/lang/invoke/LambdaForm$MH+0x0000028a012c0000'
Event: 7.896 Thread 0x0000028a64e89a90 Unloading class 0x0000028a012bf800 'java/lang/invoke/LambdaForm$MH+0x0000028a012bf800'
Event: 7.896 Thread 0x0000028a64e89a90 Unloading class 0x0000028a012bf400 'java/lang/invoke/LambdaForm$MH+0x0000028a012bf400'
Event: 7.896 Thread 0x0000028a64e89a90 Unloading class 0x0000028a012be400 'java/lang/invoke/LambdaForm$MH+0x0000028a012be400'
Event: 7.896 Thread 0x0000028a64e89a90 Unloading class 0x0000028a012be000 'java/lang/invoke/LambdaForm$MH+0x0000028a012be000'
Event: 7.896 Thread 0x0000028a64e89a90 Unloading class 0x0000028a012bd800 'java/lang/invoke/LambdaForm$MH+0x0000028a012bd800'

Classes redefined (0 events):
No events

Internal exceptions (20 events):
Event: 12.131 Thread 0x0000028a6d5c1710 Exception <a 'java/lang/NoSuchMethodError'{0x0000000085b78d70}: 'long java.lang.invoke.DirectMethodHandle$Holder.invokeSpecial(java.lang.Object, java.lang.Object, java.lang.Object, java.lang.Object, int)'> (0x0000000085b78d70) 
thrown [s\src\hotspot\share\interpreter\linkResolver.cpp, line 773]
Event: 12.248 Thread 0x0000028a6c1e2570 Exception <a 'java/lang/NoSuchMethodError'{0x0000000088006f80}: 'int java.lang.invoke.DirectMethodHandle$Holder.invokeStatic(java.lang.Object, int, java.lang.Object)'> (0x0000000088006f80) 
thrown [s\src\hotspot\share\interpreter\linkResolver.cpp, line 773]
Event: 12.248 Thread 0x0000028a6c1e1850 Exception <a 'java/lang/NoSuchMethodError'{0x00000000881d7478}: 'int java.lang.invoke.DirectMethodHandle$Holder.invokeStatic(java.lang.Object, int, java.lang.Object)'> (0x00000000881d7478) 
thrown [s\src\hotspot\share\interpreter\linkResolver.cpp, line 773]
Event: 12.248 Thread 0x0000028a6b1c44b0 Exception <a 'java/lang/NoSuchMethodError'{0x00000000881dcd68}: 'int java.lang.invoke.DirectMethodHandle$Holder.invokeStatic(java.lang.Object, int, java.lang.Object)'> (0x00000000881dcd68) 
thrown [s\src\hotspot\share\interpreter\linkResolver.cpp, line 773]
Event: 13.091 Thread 0x0000028a699023f0 Exception <a 'java/lang/NoSuchMethodError'{0x000000008689de88}: 'java.lang.Object java.lang.invoke.DirectMethodHandle$Holder.newInvokeSpecial(java.lang.Object, java.lang.Object, long, java.lang.Object, java.lang.Object, java.lang.Object)'> (0x000000008689de88) 
thrown [s\src\hotspot\share\interpreter\linkResolver.cpp, line 773]
Event: 13.091 Thread 0x0000028a69901040 Exception <a 'java/lang/NoSuchMethodError'{0x00000000868b5f50}: 'java.lang.Object java.lang.invoke.DirectMethodHandle$Holder.newInvokeSpecial(java.lang.Object, java.lang.Object, long, java.lang.Object, java.lang.Object, java.lang.Object)'> (0x00000000868b5f50) 
thrown [s\src\hotspot\share\interpreter\linkResolver.cpp, line 773]
Event: 13.091 Thread 0x0000028a698fef70 Exception <a 'java/lang/NoSuchMethodError'{0x00000000868b7f18}: 'java.lang.Object java.lang.invoke.DirectMethodHandle$Holder.newInvokeSpecial(java.lang.Object, java.lang.Object, long, java.lang.Object, java.lang.Object, java.lang.Object)'> (0x00000000868b7f18) 
thrown [s\src\hotspot\share\interpreter\linkResolver.cpp, line 773]
Event: 13.091 Thread 0x0000028a69901d60 Exception <a 'java/lang/NoSuchMethodError'{0x00000000868bb290}: 'java.lang.Object java.lang.invoke.DirectMethodHandle$Holder.newInvokeSpecial(java.lang.Object, java.lang.Object, long, java.lang.Object, java.lang.Object, java.lang.Object)'> (0x00000000868bb290) 
thrown [s\src\hotspot\share\interpreter\linkResolver.cpp, line 773]
Event: 13.339 Thread 0x0000028a6b3b44f0 Exception <a 'java/io/IOException'{0x00000000864d42d0}> (0x00000000864d42d0) 
thrown [s\src\hotspot\share\prims\jni.cpp, line 520]
Event: 13.339 Thread 0x0000028a6b3b2ab0 Exception <a 'java/io/IOException'{0x00000000864ce4d8}> (0x00000000864ce4d8) 
thrown [s\src\hotspot\share\prims\jni.cpp, line 520]
Event: 13.339 Thread 0x0000028a6d5bdc00 Exception <a 'java/io/IOException'{0x00000000864da580}> (0x00000000864da580) 
thrown [s\src\hotspot\share\prims\jni.cpp, line 520]
Event: 13.341 Thread 0x0000028a6b3b2ab0 Exception <a 'java/net/ConnectException'{0x00000000864cfaa0}: Connection refused: getsockopt> (0x00000000864cfaa0) 
thrown [s\src\hotspot\share\prims\jni.cpp, line 539]
Event: 13.341 Thread 0x0000028a6b3b44f0 Exception <a 'java/net/ConnectException'{0x00000000864d68e8}: Connection refused: getsockopt> (0x00000000864d68e8) 
thrown [s\src\hotspot\share\prims\jni.cpp, line 539]
Event: 13.353 Thread 0x0000028a6d5bdc00 Exception <a 'java/net/ConnectException'{0x00000000864dba90}: Connection refused: getsockopt> (0x00000000864dba90) 
thrown [s\src\hotspot\share\prims\jni.cpp, line 539]
Event: 13.355 Thread 0x0000028a6b3b3140 Exception <a 'java/io/IOException'{0x00000000864e04e8}> (0x00000000864e04e8) 
thrown [s\src\hotspot\share\prims\jni.cpp, line 520]
Event: 13.356 Thread 0x0000028a6b3b3140 Exception <a 'java/net/ConnectException'{0x00000000864e1620}: Connection refused: getsockopt> (0x00000000864e1620) 
thrown [s\src\hotspot\share\prims\jni.cpp, line 539]
Event: 13.506 Thread 0x0000028a6c1df0f0 Exception <a 'java/lang/IncompatibleClassChangeError'{0x00000000863ccf38}: Found class java.lang.Object, but interface was expected> (0x00000000863ccf38) 
thrown [s\src\hotspot\share\interpreter\linkResolver.cpp, line 840]
Event: 13.523 Thread 0x0000028a6c1df0f0 Exception <a 'java/lang/IncompatibleClassChangeError'{0x00000000863e2c78}: Found class java.lang.Object, but interface was expected> (0x00000000863e2c78) 
thrown [s\src\hotspot\share\interpreter\linkResolver.cpp, line 840]
Event: 13.524 Thread 0x0000028a6c1df0f0 Exception <a 'java/lang/IncompatibleClassChangeError'{0x00000000863e57a8}: Found class java.lang.Object, but interface was expected> (0x00000000863e57a8) 
thrown [s\src\hotspot\share\interpreter\linkResolver.cpp, line 840]
Event: 13.525 Thread 0x0000028a6c1df0f0 Exception <a 'sun/nio/fs/WindowsException'{0x00000000863e8098}> (0x00000000863e8098) 
thrown [s\src\hotspot\share\prims\jni.cpp, line 520]

ZGC Phase Switch (0 events):
No events

VM Operations (20 events):
Event: 8.711 Executing VM operation: G1CollectForAllocation (G1 Evacuation Pause)
Event: 8.720 Executing VM operation: G1CollectForAllocation (G1 Evacuation Pause) done
Event: 8.815 Executing VM operation: HandshakeAllThreads (Deoptimize)
Event: 8.815 Executing VM operation: HandshakeAllThreads (Deoptimize) done
Event: 8.861 Executing VM operation: HandshakeAllThreads (Deoptimize)
Event: 8.861 Executing VM operation: HandshakeAllThreads (Deoptimize) done
Event: 9.868 Executing VM operation: Cleanup
Event: 9.868 Executing VM operation: Cleanup done
Event: 11.881 Executing VM operation: HandshakeAllThreads (Deoptimize)
Event: 11.882 Executing VM operation: HandshakeAllThreads (Deoptimize) done
Event: 11.882 Executing VM operation: Cleanup
Event: 11.882 Executing VM operation: Cleanup done
Event: 11.886 Executing VM operation: HandshakeAllThreads (Deoptimize)
Event: 11.886 Executing VM operation: HandshakeAllThreads (Deoptimize) done
Event: 12.186 Executing VM operation: G1CollectForAllocation (G1 Evacuation Pause)
Event: 12.203 Executing VM operation: G1CollectForAllocation (G1 Evacuation Pause) done
Event: 13.056 Executing VM operation: HandshakeAllThreads (Deoptimize)
Event: 13.057 Executing VM operation: HandshakeAllThreads (Deoptimize) done
Event: 13.065 Executing VM operation: HandshakeAllThreads (Deoptimize)
Event: 13.066 Executing VM operation: HandshakeAllThreads (Deoptimize) done

Memory protections (0 events):
No events

Nmethod flushes (20 events):
Event: 7.906 Thread 0x0000028a64e89a90 flushing  nmethod 0x0000028a5035ae90
Event: 7.906 Thread 0x0000028a64e89a90 flushing  nmethod 0x0000028a5035be90
Event: 7.906 Thread 0x0000028a64e89a90 flushing  nmethod 0x0000028a5035d710
Event: 7.906 Thread 0x0000028a64e89a90 flushing  nmethod 0x0000028a50364210
Event: 7.906 Thread 0x0000028a64e89a90 flushing  nmethod 0x0000028a503ad390
Event: 7.906 Thread 0x0000028a64e89a90 flushing  nmethod 0x0000028a503b2910
Event: 7.906 Thread 0x0000028a64e89a90 flushing  nmethod 0x0000028a5044fa10
Event: 7.906 Thread 0x0000028a64e89a90 flushing  nmethod 0x0000028a50450690
Event: 7.906 Thread 0x0000028a64e89a90 flushing  nmethod 0x0000028a50450b90
Event: 7.906 Thread 0x0000028a64e89a90 flushing  nmethod 0x0000028a50450f90
Event: 7.906 Thread 0x0000028a64e89a90 flushing  nmethod 0x0000028a50451990
Event: 7.906 Thread 0x0000028a64e89a90 flushing  nmethod 0x0000028a50452290
Event: 7.906 Thread 0x0000028a64e89a90 flushing  nmethod 0x0000028a50452d90
Event: 7.906 Thread 0x0000028a64e89a90 flushing  nmethod 0x0000028a50472210
Event: 7.906 Thread 0x0000028a64e89a90 flushing  nmethod 0x0000028a5058d210
Event: 7.906 Thread 0x0000028a64e89a90 flushing  nmethod 0x0000028a505a2010
Event: 7.906 Thread 0x0000028a64e89a90 flushing  nmethod 0x0000028a50634490
Event: 7.906 Thread 0x0000028a64e89a90 flushing  nmethod 0x0000028a50635c90
Event: 7.906 Thread 0x0000028a64e89a90 flushing  nmethod 0x0000028a50637210
Event: 7.906 Thread 0x0000028a64e89a90 flushing  nmethod 0x0000028a50637690

Events (20 events):
Event: 12.280 Thread 0x0000028a6b1c16c0 Thread added: 0x0000028a6928db50
Event: 12.281 Thread 0x0000028a6c1df780 Thread added: 0x0000028a69b7a2d0
Event: 12.282 Thread 0x0000028a6b1c4b40 Thread added: 0x0000028a69b79c40
Event: 12.283 Thread 0x0000028a6c1df780 Thread added: 0x0000028a69b795b0
Event: 12.283 Thread 0x0000028a6b1c4b40 Thread added: 0x0000028a69b7b680
Event: 13.063 Thread 0x0000028a64ec9140 Thread exited: 0x0000028a64ec9140
Event: 13.118 Thread 0x0000028a64ec9810 Thread added: 0x0000028a64ecb350
Event: 13.298 Thread 0x0000028a64ecb350 Thread exited: 0x0000028a64ecb350
Event: 13.401 Thread 0x0000028a6b3b2420 Thread exited: 0x0000028a6b3b2420
Event: 13.410 Thread 0x0000028a6b3b5f30 Thread exited: 0x0000028a6b3b5f30
Event: 13.410 Thread 0x0000028a6b3b65c0 Thread exited: 0x0000028a6b3b65c0
Event: 13.415 Thread 0x0000028a6b1c3100 Thread exited: 0x0000028a6b1c3100
Event: 13.448 Thread 0x0000028a6d5bf640 Thread exited: 0x0000028a6d5bf640
Event: 13.463 Thread 0x0000028a6b1c5860 Thread exited: 0x0000028a6b1c5860
Event: 13.468 Thread 0x0000028a6b1c51d0 Thread exited: 0x0000028a6b1c51d0
Event: 13.475 Thread 0x0000028a6b1c1d50 Thread exited: 0x0000028a6b1c1d50
Event: 13.485 Thread 0x0000028a6d5befb0 Thread exited: 0x0000028a6d5befb0
Event: 13.488 Thread 0x0000028a6d5bc1c0 Thread exited: 0x0000028a6d5bc1c0
Event: 13.540 Thread 0x0000028a6b1c23e0 Thread exited: 0x0000028a6b1c23e0
Event: 13.550 Thread 0x0000028a6b1c5ef0 Thread exited: 0x0000028a6b1c5ef0


Dynamic libraries:
0x00007ff67de70000 - 0x00007ff67de7e000 	C:\Users\ADMIN\.p2\pool\plugins\org.eclipse.justj.openjdk.hotspot.jre.full.win32.x86_64_21.0.8.v20250724-1412\jre\bin\javaw.exe
0x00007ff9a1bc0000 - 0x00007ff9a1e27000 	C:\WINDOWS\SYSTEM32\ntdll.dll
0x00007ff99f9c0000 - 0x00007ff99fa89000 	C:\WINDOWS\System32\KERNEL32.DLL
0x00007ff99f170000 - 0x00007ff99f567000 	C:\WINDOWS\System32\KERNELBASE.dll
0x00007ff99f570000 - 0x00007ff99f6bb000 	C:\WINDOWS\System32\ucrtbase.dll
0x00007ff995dc0000 - 0x00007ff995dde000 	C:\Users\ADMIN\.p2\pool\plugins\org.eclipse.justj.openjdk.hotspot.jre.full.win32.x86_64_21.0.8.v20250724-1412\jre\bin\VCRUNTIME140.dll
0x00007ff995da0000 - 0x00007ff995db8000 	C:\Users\ADMIN\.p2\pool\plugins\org.eclipse.justj.openjdk.hotspot.jre.full.win32.x86_64_21.0.8.v20250724-1412\jre\bin\jli.dll
0x00007ff9a0bb0000 - 0x00007ff9a0d76000 	C:\WINDOWS\System32\USER32.dll
0x00007ff99e6a0000 - 0x00007ff99e6c7000 	C:\WINDOWS\System32\win32u.dll
0x00007ff98a980000 - 0x00007ff98ac12000 	C:\WINDOWS\WinSxS\amd64_microsoft.windows.common-controls_6595b64144ccf1df_6.0.26100.8457_none_3e0b2faee331e92d\COMCTL32.dll
0x00007ff9a01e0000 - 0x00007ff9a020b000 	C:\WINDOWS\System32\GDI32.dll
0x00007ff9a1150000 - 0x00007ff9a11f9000 	C:\WINDOWS\System32\msvcrt.dll
0x00007ff99f780000 - 0x00007ff99f8ac000 	C:\WINDOWS\System32\gdi32full.dll
0x00007ff99e5f0000 - 0x00007ff99e693000 	C:\WINDOWS\System32\msvcp_win.dll
0x00007ff9a1ae0000 - 0x00007ff9a1b12000 	C:\WINDOWS\System32\IMM32.DLL
0x00007ff995d00000 - 0x00007ff995d0c000 	C:\Users\ADMIN\.p2\pool\plugins\org.eclipse.justj.openjdk.hotspot.jre.full.win32.x86_64_21.0.8.v20250724-1412\jre\bin\vcruntime140_1.dll
0x00007ff95b8a0000 - 0x00007ff95b92d000 	C:\Users\ADMIN\.p2\pool\plugins\org.eclipse.justj.openjdk.hotspot.jre.full.win32.x86_64_21.0.8.v20250724-1412\jre\bin\msvcp140.dll
0x00007ff94b780000 - 0x00007ff94c517000 	C:\Users\ADMIN\.p2\pool\plugins\org.eclipse.justj.openjdk.hotspot.jre.full.win32.x86_64_21.0.8.v20250724-1412\jre\bin\server\jvm.dll
0x00007ff9a1980000 - 0x00007ff9a1a36000 	C:\WINDOWS\System32\ADVAPI32.dll
0x00007ff9a0e80000 - 0x00007ff9a0f27000 	C:\WINDOWS\System32\sechost.dll
0x00007ff9a0f30000 - 0x00007ff9a1048000 	C:\WINDOWS\System32\RPCRT4.dll
0x00007ff9a0b20000 - 0x00007ff9a0ba0000 	C:\WINDOWS\System32\WS2_32.dll
0x00007ff99e450000 - 0x00007ff99e4ae000 	C:\WINDOWS\SYSTEM32\POWRPROF.dll
0x00007ff98ac20000 - 0x00007ff98ac56000 	C:\WINDOWS\SYSTEM32\WINMM.dll
0x00007ff9958e0000 - 0x00007ff9958eb000 	C:\WINDOWS\SYSTEM32\VERSION.dll
0x00007ff99e430000 - 0x00007ff99e444000 	C:\WINDOWS\SYSTEM32\UMPDC.dll
0x00007ff99d380000 - 0x00007ff99d39b000 	C:\WINDOWS\SYSTEM32\kernel.appcore.dll
0x00007ff998600000 - 0x00007ff99860a000 	C:\Users\ADMIN\.p2\pool\plugins\org.eclipse.justj.openjdk.hotspot.jre.full.win32.x86_64_21.0.8.v20250724-1412\jre\bin\jimage.dll
0x00007ff99c090000 - 0x00007ff99c2d2000 	C:\WINDOWS\SYSTEM32\DBGHELP.DLL
0x00007ff99fc70000 - 0x00007ff99fff3000 	C:\WINDOWS\System32\combase.dll
0x00007ff9a0a20000 - 0x00007ff9a0af9000 	C:\WINDOWS\System32\OLEAUT32.dll
0x00007ff9890e0000 - 0x00007ff98911b000 	C:\WINDOWS\SYSTEM32\dbgcore.DLL
0x00007ff99ef40000 - 0x00007ff99efe8000 	C:\WINDOWS\System32\bcryptPrimitives.dll
0x00007ff9985d0000 - 0x00007ff9985ef000 	C:\Users\ADMIN\.p2\pool\plugins\org.eclipse.justj.openjdk.hotspot.jre.full.win32.x86_64_21.0.8.v20250724-1412\jre\bin\java.dll
0x00007ff9a1200000 - 0x00007ff9a196e000 	C:\WINDOWS\System32\SHELL32.dll
0x00007ff99e6d0000 - 0x00007ff99ef3c000 	C:\WINDOWS\System32\windows.storage.dll
0x00007ff9a1050000 - 0x00007ff9a1146000 	C:\WINDOWS\System32\SHCORE.dll
0x00007ff9a02d0000 - 0x00007ff9a0336000 	C:\WINDOWS\System32\shlwapi.dll
0x00007ff99e510000 - 0x00007ff99e539000 	C:\WINDOWS\SYSTEM32\profapi.dll
0x00007ff996080000 - 0x00007ff996098000 	C:\Users\ADMIN\.p2\pool\plugins\org.eclipse.justj.openjdk.hotspot.jre.full.win32.x86_64_21.0.8.v20250724-1412\jre\bin\zip.dll
0x00007ff997900000 - 0x00007ff997910000 	C:\Users\ADMIN\.p2\pool\plugins\org.eclipse.justj.openjdk.hotspot.jre.full.win32.x86_64_21.0.8.v20250724-1412\jre\bin\net.dll
0x00007ff994c60000 - 0x00007ff994d89000 	C:\WINDOWS\SYSTEM32\WINHTTP.dll
0x00007ff99d8f0000 - 0x00007ff99d95c000 	C:\WINDOWS\system32\mswsock.dll
0x00007ff995e10000 - 0x00007ff995e26000 	C:\Users\ADMIN\.p2\pool\plugins\org.eclipse.justj.openjdk.hotspot.jre.full.win32.x86_64_21.0.8.v20250724-1412\jre\bin\nio.dll
0x00007ff99ce20000 - 0x00007ff99cf52000 	C:\WINDOWS\SYSTEM32\DNSAPI.dll
0x00007ff99cd90000 - 0x00007ff99cdc2000 	C:\WINDOWS\SYSTEM32\IPHLPAPI.DLL
0x00007ff9a1b20000 - 0x00007ff9a1b2a000 	C:\WINDOWS\System32\NSI.dll
0x00007ff98fed0000 - 0x00007ff98fedb000 	C:\Windows\System32\rasadhlp.dll
0x00007ff992560000 - 0x00007ff9925e6000 	C:\WINDOWS\System32\fwpuclnt.dll
0x00007ff995d30000 - 0x00007ff995d39000 	C:\Users\ADMIN\.p2\pool\plugins\org.eclipse.justj.openjdk.hotspot.jre.full.win32.x86_64_21.0.8.v20250724-1412\jre\bin\extnet.dll
0x00007ff99dbd0000 - 0x00007ff99dbeb000 	C:\WINDOWS\SYSTEM32\CRYPTSP.dll
0x00007ff99d2e0000 - 0x00007ff99d319000 	C:\WINDOWS\system32\rsaenh.dll
0x00007ff99d9a0000 - 0x00007ff99d9d3000 	C:\WINDOWS\SYSTEM32\USERENV.dll
0x00007ff99e4e0000 - 0x00007ff99e50a000 	C:\WINDOWS\SYSTEM32\bcrypt.dll
0x00007ff99dbf0000 - 0x00007ff99dbfc000 	C:\WINDOWS\SYSTEM32\CRYPTBASE.dll
0x00007ff9962e0000 - 0x00007ff9962f0000 	C:\Users\ADMIN\.p2\pool\plugins\org.eclipse.justj.openjdk.hotspot.jre.full.win32.x86_64_21.0.8.v20250724-1412\jre\bin\verify.dll
0x00007ff97d750000 - 0x00007ff97d768000 	C:\WINDOWS\system32\napinsp.dll
0x00007ff97c620000 - 0x00007ff97c633000 	C:\WINDOWS\System32\winrnr.dll
0x00007ff97c5f0000 - 0x00007ff97c612000 	C:\WINDOWS\system32\nlansp_c.dll
0x00007ff97c5d0000 - 0x00007ff97c5e6000 	C:\WINDOWS\system32\wshbth.dll
0x00007ff995d80000 - 0x00007ff995d8a000 	C:\Users\ADMIN\.p2\pool\plugins\org.eclipse.justj.openjdk.hotspot.jre.full.win32.x86_64_21.0.8.v20250724-1412\jre\bin\management.dll
0x00007ff995d40000 - 0x00007ff995d4b000 	C:\Users\ADMIN\.p2\pool\plugins\org.eclipse.justj.openjdk.hotspot.jre.full.win32.x86_64_21.0.8.v20250724-1412\jre\bin\management_ext.dll
0x00007ff9a0a10000 - 0x00007ff9a0a18000 	C:\WINDOWS\System32\PSAPI.DLL
0x00007ff995e00000 - 0x00007ff995e0e000 	C:\Users\ADMIN\.p2\pool\plugins\org.eclipse.justj.openjdk.hotspot.jre.full.win32.x86_64_21.0.8.v20250724-1412\jre\bin\sunmscapi.dll
0x00007ff99eff0000 - 0x00007ff99f168000 	C:\WINDOWS\System32\CRYPT32.dll
0x00007ff99ddf0000 - 0x00007ff99de20000 	C:\WINDOWS\SYSTEM32\ncrypt.dll
0x00007ff99dda0000 - 0x00007ff99dddf000 	C:\WINDOWS\SYSTEM32\NTASN1.dll
0x00007ff994a50000 - 0x00007ff994a58000 	C:\WINDOWS\system32\wshunix.dll

JVMTI agents: none

dbghelp: loaded successfully - version: 4.0.5 - missing functions: none
symbol engine: initialized successfully - sym options: 0x614 - pdb path: .;C:\Users\ADMIN\.p2\pool\plugins\org.eclipse.justj.openjdk.hotspot.jre.full.win32.x86_64_21.0.8.v20250724-1412\jre\bin;C:\WINDOWS\SYSTEM32;C:\WINDOWS\WinSxS\amd64_microsoft.windows.common-controls_6595b64144ccf1df_6.0.26100.8457_none_3e0b2faee331e92d;C:\Users\ADMIN\.p2\pool\plugins\org.eclipse.justj.openjdk.hotspot.jre.full.win32.x86_64_21.0.8.v20250724-1412\jre\bin\server

VM Arguments:
jvm_args: -ea -Dallure.results.directory=D:\Cyclos_Automation_Testing\Cyclos\target/allure-results -Dfile.encoding=UTF-8 -Dstdout.encoding=UTF-8 -Dstderr.encoding=UTF-8 -XX:+ShowCodeDetailsInExceptionMessages 
java_command: org.testng.remote.RemoteTestNG -serport 62938 -protocol json -d D:\Cyclos_Automation_Testing\Cyclos\test-output C:\Users\ADMIN\AppData\Local\Temp\testng-eclipse--1802787266\testng-customsuite.xml
java_class_path (initial): C:\Users\ADMIN\eclipse\committers-2025-06\eclipse\configuration\org.eclipse.osgi\588\0\.cp\lib\testng-remote.jar;D:\Cyclos_Automation_Testing\Cyclos\target\test-classes;D:\Cyclos_Automation_Testing\Cyclos\target\classes;C:\Users\ADMIN\.m2\repository\org\seleniumhq\selenium\selenium-java\4.43.0\selenium-java-4.43.0.jar;C:\Users\ADMIN\.m2\repository\org\seleniumhq\selenium\selenium-api\4.43.0\selenium-api-4.43.0.jar;C:\Users\ADMIN\.m2\repository\org\jspecify\jspecify\1.0.0\jspecify-1.0.0.jar;C:\Users\ADMIN\.m2\repository\org\seleniumhq\selenium\selenium-chrome-driver\4.43.0\selenium-chrome-driver-4.43.0.jar;C:\Users\ADMIN\.m2\repository\com\google\auto\service\auto-service-annotations\1.1.1\auto-service-annotations-1.1.1.jar;C:\Users\ADMIN\.m2\repository\org\seleniumhq\selenium\selenium-chromium-driver\4.43.0\selenium-chromium-driver-4.43.0.jar;C:\Users\ADMIN\.m2\repository\org\seleniumhq\selenium\selenium-json\4.43.0\selenium-json-4.43.0.jar;C:\Users\ADMIN\.m2\repository\org\seleniumhq\selenium\selenium-manager\4.43.0\selenium-manager-4.43.0.jar;C:\Users\ADMIN\.m2\repository\org\seleniumhq\selenium\selenium-devtools-v145\4.43.0\selenium-devtools-v145-4.43.0.jar;C:\Users\ADMIN\.m2\repository\org\seleniumhq\selenium\selenium-devtools-v146\4.43.0\selenium-devtools-v146-4.43.0.jar;C:\Users\ADMIN\.m2\repository\org\seleniumhq\selenium\selenium-devtools-v147\4.43.0\selenium-devtools-v147-4.43.0.jar;C:\Users\ADMIN\.m2\repository\org\seleniumhq\selenium\selenium-edge-driver\4.43.0\selenium-edge-driver-4.43.0.jar;C:\Users\ADMIN\.m2\repository\org\seleniumhq\selenium\selenium-firefox-driver\4.43.0\selenium-firefox-driver-4.43.0.jar;C:\Users\ADMIN\.m2\repository\org\seleniumhq\selenium\selenium-http\4.43.0\selenium-http-4.43.0.jar;C:\Users\ADMIN\.m2\repository\org\seleniumhq\selenium\selenium-ie-driver\4.43.0\selenium-ie-driver-4.43.0.jar;C:\Users\ADMIN\.m2\repository\org\seleniumhq\selenium\selenium-remote-driver\4.43.0\selenium-remote-driver-4.43.0.jar;C:\Users\ADMIN\.m2\repository\com\google\guava\guava\33.5.0-jre\guava-33.5.0-jre.jar;C:\Users\ADMIN\.m2\repository\com\google\guava\failureaccess\1.0.3\failureaccess-1.0.3.jar;C:\Users\ADMIN\.m2\repository\com\google\guava\listenablefuture\9999.0-empty-to-avoid-conflict-with-guava\listenablefuture-9999.0-empty-to-avoid-conflict-with-guava.jar;C:\Users\ADMIN\.m2\repository\com\google\j2objc\j2objc-annotations\3.1\j2objc-annotations-3.1.jar;C:\Users\ADMIN\.m2\repository\io\opentelemetry\opentelemetry-api\1.60.1\opentelemetry-api-1.60.1.jar;C:\Users\ADMIN\.m2\repository\io\opentelemetry\opentelemetry-context\1.60.1\opentelemetry-context-1.60.1.jar;C:\Users\ADMIN\.m2\repository\io\opentelemetry\opentelemetry-common\1.60.1\opentelemetry-common-1.60.1.jar;C:\Users\ADMIN\.m2\repository\io\opentelemetry\opentelemetry-exporter-logging\1.60.1\opentelemetry-exporter-logging-1.60.1.jar;C:\Users\ADMIN\.m2\repository\io\opentelemetry\opentelemetry-sdk-common\1.60.1\opentelemetry-sdk-common-1.60.1.jar;C:\Users\ADMIN\.m2\repository\io\opentelemetry\opentelemetry-sdk-extension-autoconfigure-spi\1.60.1\opentelemetry-sdk-extension-autoconfigure-spi-1.60.1.jar;C:\Users\ADMIN\.m2\repository\io\opentelemetry\opentelemetry-sdk-extension-autoconfigure\1.60.1\opentelemetry-sdk-extension-autoconfigure-1.60.1.jar;C:\Users\ADMIN\.m2\repository\io\opentelemetry\opentelemetry-sdk-trace\1.60.1\opentelemetry-sdk-trace-1.60.1.jar;C:\Users\ADMIN\.m2\repository\io\opentelemetry\opentelemetry-sdk\1.60.1\opentelemetry-sdk-1.60.1.jar;C:\Users\ADMIN\.m2\repository\io\opentelemetry\opentelemetry-sdk-metrics\1.60.1\opentelemetry-sdk-metrics-1.60.1.jar;C:\Users\ADMIN\.m2\repository\io\opentelemetry\opentelemetry-sdk-logs\1.60.1\opentelemetry-sdk-logs-1.60.1.jar;C:\Users\ADMIN\.m2\repository\net\bytebuddy\byte-buddy\1.18.8-jdk5\byte-buddy-1.18.8-jdk5.jar;C:\Users\ADMIN\.m2\repository\org\seleniumhq\selenium\selenium-os\4.43.0\selenium-os-4.43.0.jar;C:\Users\ADMIN\.m2\repository\org\seleniumhq\selenium\selenium-safari-driver\4.43.0\selenium-safari-driver-4.43.0.jar;C:\Users\ADMIN\.m2\repository\org\seleniumhq\selenium\selenium-support\4.43.0\selenium-support-4.43.0.jar;C:\Users\ADMIN\.m2\repository\io\github\bonigarcia\webdrivermanager\6.1.0\webdrivermanager-6.1.0.jar;C:\Users\ADMIN\.m2\repository\org\slf4j\slf4j-api\2.0.17\slf4j-api-2.0.17.jar;C:\Users\ADMIN\.m2\repository\com\google\code\gson\gson\2.13.0\gson-2.13.0.jar;C:\Users\ADMIN\.m2\repository\com\google\errorprone\error_prone_annotations\2.37.0\error_prone_annotations-2.37.0.jar;C:\Users\ADMIN\.m2\repository\com\github\docker-java\docker-java\3.5.0\docker-java-3.5.0.jar;C:\Users\ADMIN\.m2\repository\com\github\docker-java\docker-java-core\3.5.0\docker-java-core-3.5.0.jar;C:\Users\ADMIN\.m2\repository\com\github\docker-java\docker-java-api\3.5.0\docker-java-api-3.5.0.jar;C:\Users\ADMIN\.m2\repository\com\fasterxml\jackson\core\jackson-annotations\2.18.3\jackson-annotations-2.18.3.jar;C:\Users\ADMIN\.m2\repository\com\fasterxml\jackson\core\jackson-databind\2.18.3\jackson-databind-2.18.3.jar;C:\Users\ADMIN\.m2\repository\com\fasterxml\jackson\core\jackson-core\2.18.3\jackson-core-2.18.3.jar;C:\Users\ADMIN\.m2\repository\org\slf4j\jcl-over-slf4j\1.7.30\jcl-over-slf4j-1.7.30.jar;C:\Users\ADMIN\.m2\repository\com\github\docker-java\docker-java-transport-httpclient5\3.5.0\docker-java-transport-httpclient5-3.5.0.jar;C:\Users\ADMIN\.m2\repository\com\github\docker-java\docker-java-transport\3.5.0\docker-java-transport-3.5.0.jar;C:\Users\ADMIN\.m2\repository\net\java\dev\jna\jna\5.17.0\jna-5.17.0.jar;C:\Users\ADMIN\.m2\repository\org\brotli\dec\0.1.2\dec-0.1.2.jar;C:\Users\ADMIN\.m2\repository\org\apache\commons\commons-lang3\3.17.0\commons-lang3-3.17.0.jar;C:\Users\ADMIN\.m2\repository\org\apache\commons\commons-compress\1.27.1\commons-compress-1.27.1.jar;C:\Users\ADMIN\.m2\repository\org\apache\httpcomponents\client5\httpclient5\5.4.3\httpclient5-5.4.3.jar;C:\Users\ADMIN\.m2\repository\org\apache\httpcomponents\core5\httpcore5\5.3.4\httpcore5-5.3.4.jar;C:\Users\ADMIN\.m2\repository\org\apache\httpcomponents\core5\httpcore5-h2\5.3.4\httpcore5-h2-5.3.4.jar;C:\Users\ADMIN\.m2\repository\net\java\dev\jna\jna-platform\5.13.0\jna-platform-5.13.0.jar;C:\Users\ADMIN\.m2\repository\io\cucumber\cucumber-java\7.34.3\cucumber-java-7.34.3.jar;C:\Users\ADMIN\.m2\repository\io\cucumber\cucumber-core\7.34.3\cucumber-core-7.34.3.jar;C:\Users\ADMIN\.m2\repository\io\cucumber\cucumber-gherkin\7.34.3\cucumber-gherkin-7.34.3.jar;C:\Users\ADMIN\.m2\repository\io\cucumber\cucumber-gherkin-messages\7.34.3\cucumber-gherkin-messages-7.34.3.jar;C:\Users\ADMIN\.m2\repository\io\cucumber\gherkin\36.1.0\gherkin-36.1.0.jar;C:\Users\ADMIN\.m2\repository\io\cucumber\messages\30.1.0\messages-30.1.0.jar;C:\Users\ADMIN\.m2\repository\io\cucumber\messages-ndjson\0.3.2\messages-ndjson-0.3.2.jar;C:\Users\ADMIN\.m2\repository\io\cucumber\pretty-formatter\2.4.1\pretty-formatter-2.4.1.jar;C:\Users\ADMIN\.m2\repository\io\cucumber\query\14.7.0\query-14.7.0.jar;C:\Users\ADMIN\.m2\repository\io\cucumber\teamcity-formatter\0.2.0\teamcity-formatter-0.2.0.jar;C:\Users\ADMIN\.m2\repository\io\cucumber\testng-xml-formatter\0.7.0\testng-xml-formatter-0.7.0.jar;C:\Users\ADMIN\.m2\repository\io\cucumber\usage-formatter\0.1.0\usage-formatter-0.1.0.jar;C:\Users\ADMIN\.m2\repository\io\cucumber\tag-expressions\8.1.0\tag-expressions-8.1.0.jar;C:\Users\ADMIN\.m2\repository\io\cucumber\cucumber-expressions\18.1.0\cucumber-expressions-18.1.0.jar;C:\Users\ADMIN\.m2\repository\io\cucumber\cucumber-json-formatter\0.3.2\cucumber-json-formatter-0.3.2.jar;C:\Users\ADMIN\.m2\repository\io\cucumber\datatable\7.34.3\datatable-7.34.3.jar;C:\Users\ADMIN\.m2\repository\io\cucumber\cucumber-plugin\7.34.3\cucumber-plugin-7.34.3.jar;C:\Users\ADMIN\.m2\repository\io\cucumber\docstring\7.34.3\docstring-7.34.3.jar;C:\Users\ADMIN\.m2\repository\io\cucumber\html-formatter\22.3.0\html-formatter-22.3.0.jar;C:\Users\ADMIN\.m2\repository\io\cucumber\junit-xml-formatter\0.11.0\junit-xml-formatter-0.11.0.jar;C:\Users\ADMIN\.m2\repository\io\cucumber\ci-environment\12.0.0\ci-environment-12.0.0.jar;C:\Users\ADMIN\.m2\repository\org\apiguardian\apiguardian-api\1.1.2\apiguardian-api-1.1.2.jar;C:\Users\ADMIN\.m2\repository\io\cucumber\cucumber-testng\7.34.3\cucumber-testng-7.34.3.jar;C:\Users\ADMIN\.m2\repository\org\testng\testng\7.12.0\testng-7.12.0.jar;C:\Users\ADMIN\.m2\repository\org\jcommander\jcommander\1.83\jcommander-1.83.jar;C:\Users\ADMIN\.m2\repository\org\webjars\jquery\3.7.1\jquery-3.7.1.jar;C:\Users\ADMIN\.m2\repository\com\aventstack\extentreports\5.1.2\extentreports-5.1.2.jar;C:\Users\ADMIN\.m2\repository\io\reactivex\rxjava3\rxjava\3.1.6\rxjava-3.1.6.jar;C:\Users\ADMIN\.m2\repository\org\reactivestreams\reactive-streams\1.0.4\reactive-streams-1.0.4.jar;C:\Users\ADMIN\.m2\repository\org\freemarker\freemarker\2.3.32\freemarker-2.3.32.jar;C:\Users\ADMIN\.m2\repository\org\projectlombok\lombok\1.18.26\lombok-1.18.26.jar;C:\Users\ADMIN\.m2\repository\tech\grasshopper\extentreports-cucumber7-adapter\1.14.0\extentreports-cucumber7-adapter-1.14.0.jar;C:\Users\ADMIN\.m2\repository\tech\grasshopper\extent-pdf-report\2.12.0\extent-pdf-report-2.12.0.jar;C:\Users\ADMIN\.m2\repository\tech\grasshopper\cucumber-pdf-report\2.14.0\cucumber-pdf-report-2.14.0.jar;C:\Users\ADMIN\.m2\repository\org\knowm\xchart\xchart\3.8.0\xchart-3.8.0.jar;C:\Users\ADMIN\.m2\repository\de\erichseifert\vectorgraphics2d\VectorGraphics2D\0.13\VectorGraphics2D-0.13.jar;C:\Users\ADMIN\.m2\repository\de\rototor\pdfbox\graphics2d\0.30\graphics2d-0.30.jar;C:\Users\ADMIN\.m2\repository\com\madgag\animated-gif-lib\1.4\animated-gif-lib-1.4.jar;C:\Users\ADMIN\.m2\repository\org\yaml\snakeyaml\2.0\snakeyaml-2.0.jar;C:\Users\ADMIN\.m2\repository\tech\grasshopper\table-layout\1.5.1\table-layout-1.5.1.jar;C:\Users\ADMIN\.m2\repository\tech\grasshopper\rest-assured-cucumber-pdf-report\1.5.0\rest-assured-cucumber-pdf-report-1.5.0.jar;C:\Users\ADMIN\.m2\repository\org\jsoup\jsoup\1.15.3\jsoup-1.15.3.jar;C:\Users\ADMIN\.m2\repository\com\aventstack\klov-reporter\5.1.0\klov-reporter-5.1.0.jar;C:\Users\ADMIN\.m2\repository\org\mongodb\mongodb-driver\3.6.4\mongodb-driver-3.6.4.jar;C:\Users\ADMIN\.m2\repository\org\mongodb\mongodb-driver-core\3.6.4\mongodb-driver-core-3.6.4.jar;C:\Users\ADMIN\.m2\repository\org\mongodb\bson\3.6.4\bson-3.6.4.jar;C:\Users\ADMIN\.m2\repository\org\apache\httpcomponents\httpclient\4.5.13\httpclient-4.5.13.jar;C:\Users\ADMIN\.m2\repository\org\apache\httpcomponents\httpcore\4.4.13\httpcore-4.4.13.jar;C:\Users\ADMIN\.m2\repository\org\apache\httpcomponents\httpmime\4.5.13\httpmime-4.5.13.jar;C:\Users\ADMIN\.m2\repository\tech\grasshopper\htmlextentreporter\1.1.0\htmlextentreporter-1.1.0.jar;C:\Users\ADMIN\.m2\repository\tech\grasshopper\extent-excel-report\1.4.0\extent-excel-report-1.4.0.jar;C:\Users\ADMIN\.m2\repository\io\qameta\allure\allure-testng\2.34.0\allure-testng-2.34.0.jar;C:\Users\ADMIN\.m2\repository\io\qameta\allure\allure-java-commons\2.34.0\allure-java-commons-2.34.0.jar;C:\Users\ADMIN\.m2\repository\io\qameta\allure\allure-model\2.34.0\allure-model-2.34.0.jar;C:\Users\ADMIN\.m2\repository\io\qameta\allure\allure-test-filter\2.34.0\allure-test-filter-2.34.0.jar;C:\Users\ADMIN\.m2\repository\io\qameta\allure\allure-cucumber7-jvm\2.34.0\allure-cucumber7-jvm-2.34.0.jar;C:\Users\ADMIN\.m2\repository\org\apache\pdfbox\pdfbox\2.0.29\pdfbox-2.0.29.jar;C:\Users\ADMIN\.m2\repository\org\apache\pdfbox\fontbox\2.0.29\fontbox-2.0.29.jar;C:\Users\ADMIN\.m2\repository\commons-logging\commons-logging\1.2\commons-logging-1.2.jar;C:\Users\ADMIN\.m2\repository\commons-io\commons-io\2.21.0\commons-io-2.21.0.jar;C:\Users\ADMIN\.m2\repository\org\apache\logging\log4j\log4j-api\2.25.4\log4j-api-2.25.4.jar;C:\Users\ADMIN\.m2\repository\org\apache\logging\log4j\log4j-core\2.25.4\log4j-core-2.25.4.jar;C:\Users\ADMIN\.m2\repository\org\aspectj\aspectjweaver\1.9.25.1\aspectjweaver-1.9.25.1.jar;C:\Users\ADMIN\.m2\repository\org\apache\poi\poi\5.5.1\poi-5.5.1.jar;C:\Users\ADMIN\.m2\repository\commons-codec\commons-codec\1.20.0\commons-codec-1.20.0.jar;C:\Users\ADMIN\.m2\repository\org\apache\commons\commons-collections4\4.5.0\commons-collections4-4.5.0.jar;C:\Users\ADMIN\.m2\repository\org\apache\commons\commons-math3\3.6.1\commons-math3-3.6.1.jar;C:\Users\ADMIN\.m2\repository\com\zaxxer\SparseBitSet\1.3\SparseBitSet-1.3.jar;C:\Users\ADMIN\.m2\repository\org\apache\poi\poi-ooxml\5.5.1\poi-ooxml-5.5.1.jar;C:\Users\ADMIN\.m2\repository\org\apache\poi\poi-ooxml-lite\5.5.1\poi-ooxml-lite-5.5.1.jar;C:\Users\ADMIN\.m2\repository\org\apache\xmlbeans\xmlbeans\5.3.0\xmlbeans-5.3.0.jar;C:\Users\ADMIN\.m2\repository\com\github\virtuald\curvesapi\1.08\curvesapi-1.08.jar;C:\Users\ADMIN\.m2\repository\org\apache\poi\poi-ooxml-schemas\4.1.2\poi-ooxml-schemas-4.1.2.jar
Launcher Type: SUN_STANDARD

[Global flags]
     intx CICompilerCount                          = 4                                         {product} {ergonomic}
     uint ConcGCThreads                            = 2                                         {product} {ergonomic}
     uint G1ConcRefinementThreads                  = 8                                         {product} {ergonomic}
   size_t G1HeapRegionSize                         = 1048576                                   {product} {ergonomic}
    uintx GCDrainStackTargetSize                   = 64                                        {product} {ergonomic}
   size_t InitialHeapSize                          = 132120576                                 {product} {ergonomic}
   size_t MarkStackSize                            = 4194304                                   {product} {ergonomic}
   size_t MaxHeapSize                              = 2099249152                                {product} {ergonomic}
   size_t MaxNewSize                               = 1259339776                                {product} {ergonomic}
   size_t MinHeapDeltaBytes                        = 1048576                                   {product} {ergonomic}
   size_t MinHeapSize                              = 8388608                                   {product} {ergonomic}
    uintx NonNMethodCodeHeapSize                   = 5839372                                {pd product} {ergonomic}
    uintx NonProfiledCodeHeapSize                  = 122909434                              {pd product} {ergonomic}
    uintx ProfiledCodeHeapSize                     = 122909434                              {pd product} {ergonomic}
    uintx ReservedCodeCacheSize                    = 251658240                              {pd product} {ergonomic}
     bool SegmentedCodeCache                       = true                                      {product} {ergonomic}
     bool ShowCodeDetailsInExceptionMessages       = true                                   {manageable} {command line}
   size_t SoftMaxHeapSize                          = 2099249152                             {manageable} {ergonomic}
     bool UseCompressedOops                        = true                           {product lp64_product} {ergonomic}
     bool UseG1GC                                  = true                                      {product} {ergonomic}
     bool UseLargePagesIndividualAllocation        = false                                  {pd product} {ergonomic}

Logging:
Log output configuration:
 #0: stdout all=warning uptime,level,tags foldmultilines=false
 #1: stderr all=off uptime,level,tags foldmultilines=false

Environment Variables:
PATH=C:/Users/ADMIN/.p2/pool/plugins/org.eclipse.justj.openjdk.hotspot.jre.full.win32.x86_64_21.0.8.v20250724-1412/jre/bin/server;C:/Users/ADMIN/.p2/pool/plugins/org.eclipse.justj.openjdk.hotspot.jre.full.win32.x86_64_21.0.8.v20250724-1412/jre/bin;C:\Program Files\Java\jdk-25\bin;C:\WINDOWS\system32;C:\WINDOWS;C:\WINDOWS\System32\Wbem;C:\WINDOWS\System32\WindowsPowerShell\v1.0\;C:\WINDOWS\System32\OpenSSH\;C:\Program Files\nodejs\;C:\Program Files\Git\cmd;C:\Program Files\Maven\bin;C:\Users\ADMIN\AppData\Local\Programs\Python\Python314\;C:\Users\ADMIN\AppData\Local\Programs\Python\Python314\Scripts\;C:\Users\ADMIN\AppData\Local\Programs\Python\Launcher\;C:\Users\ADMIN\scoop\shims;C:\Program Files\MySQL\MySQL Shell 8.0\bin\;C:\Program Files\Java\jdk-25\bin;C:\Users\ADMIN\AppData\Local\Programs\Microsoft VS Code\bin;C:\Users\ADMIN\AppData\Local\Microsoft\WindowsApps;C:\Users\ADMIN\AppData\Roaming\npm;C:\Program Files\Maven;C:\Users\ADMIN\AppData\Local\Programs\Python\Python314\;C:\Users\ADMIN\AppData\Local\Programs\Python\Python314\Scripts\;;C:\Users\ADMIN\Desktop;
USERNAME=ADMIN
OS=Windows_NT
PROCESSOR_IDENTIFIER=Intel64 Family 6 Model 142 Stepping 11, GenuineIntel
TMP=C:\Users\ADMIN\AppData\Local\Temp
TEMP=C:\Users\ADMIN\AppData\Local\Temp




Periodic native trim disabled

---------------  S Y S T E M  ---------------

OS:
 Windows 11 , 64 bit Build 26100 (10.0.26100.8328)
OS uptime: 13 days 14:28 hours

CPU: total 8 (initial active 8) (4 cores per cpu, 2 threads per core) family 6 model 142 stepping 11 microcode 0xea, cx8, cmov, fxsr, ht, mmx, 3dnowpref, sse, sse2, sse3, ssse3, sse4.1, sse4.2, popcnt, lzcnt, tsc, tscinvbit, avx, avx2, aes, erms, clmul, bmi1, bmi2, adx, fma, vzeroupper, clflush, clflushopt, rdtscp, f16c
Processor Information for processor 0
  Max Mhz: 1800, Current Mhz: 1600, Mhz Limit: 1584
Processor Information for processor 1
  Max Mhz: 1800, Current Mhz: 1600, Mhz Limit: 1584
Processor Information for processor 2
  Max Mhz: 1800, Current Mhz: 1600, Mhz Limit: 1584
Processor Information for processor 3
  Max Mhz: 1800, Current Mhz: 1600, Mhz Limit: 1584
Processor Information for processor 4
  Max Mhz: 1800, Current Mhz: 1600, Mhz Limit: 1584
Processor Information for processor 5
  Max Mhz: 1800, Current Mhz: 1500, Mhz Limit: 1584
Processor Information for processor 6
  Max Mhz: 1800, Current Mhz: 1600, Mhz Limit: 1584
Processor Information for processor 7
  Max Mhz: 1800, Current Mhz: 1600, Mhz Limit: 1584

Memory: 4k page, system-wide physical 8005M (451M free)
TotalPageFile size 15309M (AvailPageFile size 0M)
current process WorkingSet (physical memory assigned to process): 217M, peak: 226M
current process commit charge ("private bytes"): 246M, peak: 290M

vm_info: OpenJDK 64-Bit Server VM (21.0.8+9-LTS) for windows-amd64 JRE (21.0.8+9-LTS), built on 2025-07-15T00:00:00Z by "admin" with MS VC++ 17.7 (VS2022)

END.
